datetime,Boro,Vol,name,tempmax,tempmin,temp,feelslike,dew,humidity,precip,precipcover,preciptype,snow,snowdepth,windgust,windspeed,sealevelpressure,cloudcover,visibility,conditions
2016-01-04,Bronx,32087,New York City,36.3,15.4,27.9,17.3,9.9,47.0,0.0,0.0,,0.0,0.0,32.0,22.6,1017.7,42.8,9.9,Partially cloudy
2016-01-05,Bronx,33827,New York City,28.8,11.7,20.6,12.2,-1.3,39.8,0.0,0.0,,0.0,0.0,27.9,16.5,1034.5,3.9,9.9,Clear
2016-01-06,Bronx,8710,New York City,40.4,24.8,32.4,29.2,5.0,32.4,0.0,0.0,,0.0,0.0,15.0,8.5,1033.3,4.7,9.9,Clear
2016-01-06,Manhattan,27798,New York City,40.4,24.8,32.4,29.2,5.0,32.4,0.0,0.0,,0.0,0.0,15.0,8.5,1033.3,4.7,9.9,Clear
2016-01-07,Bronx,8407,New York City,46.3,31.3,38.8,37.2,12.3,34.0,0.0,0.0,,0.0,0.0,11.9,6.3,1025.8,41.9,9.9,Partially cloudy
2016-01-07,Queens,27042,New York City,46.3,31.3,38.8,37.2,12.3,34.0,0.0,0.0,,0.0,0.0,11.9,6.3,1025.8,41.9,9.9,Partially cloudy
2016-01-08,Bronx,9161,New York City,44.7,34.9,40.2,34.6,27.3,60.1,0.0,0.0,,0.0,0.0,21.9,12.8,1022.5,78.0,9.9,Partially cloudy
2016-01-08,Queens,27978,New York City,44.7,34.9,40.2,34.6,27.3,60.1,0.0,0.0,,0.0,0.0,21.9,12.8,1022.5,78.0,9.9,Partially cloudy
2016-01-09,Bronx,8486,New York City,47.2,40.4,44.0,39.1,37.7,78.4,0.002,4.17,rain,0.0,0.0,20.8,12.8,1021.1,97.0,8.9,"Rain, Overcast"
2016-01-09,Queens,27421,New York City,47.2,40.4,44.0,39.1,37.7,78.4,0.002,4.17,rain,0.0,0.0,20.8,12.8,1021.1,97.0,8.9,"Rain, Overcast"
2016-01-10,Bronx,6670,New York City,59.2,41.3,51.2,48.3,44.8,80.2,1.684,58.33,rain,0.0,0.0,35.5,17.7,1001.8,83.8,5.8,"Rain, Partially cloudy"
2016-01-10,Queens,22644,New York City,59.2,41.3,51.2,48.3,44.8,80.2,1.684,58.33,rain,0.0,0.0,35.5,17.7,1001.8,83.8,5.8,"Rain, Partially cloudy"
2016-01-11,Bronx,7872,New York City,40.9,27.3,32.6,23.1,9.0,37.2,0.012,4.17,"rain,snow",0.0,0.0,32.2,16.6,1012.4,19.9,9.9,"Snow, Rain"
2016-01-11,Manhattan,21366,New York City,40.9,27.3,32.6,23.1,9.0,37.2,0.012,4.17,"rain,snow",0.0,0.0,32.2,16.6,1012.4,19.9,9.9,"Snow, Rain"
2016-01-11,Queens,13673,New York City,40.9,27.3,32.6,23.1,9.0,37.2,0.012,4.17,"rain,snow",0.0,0.0,32.2,16.6,1012.4,19.9,9.9,"Snow, Rain"
2016-01-12,Bronx,19821,New York City,44.1,25.2,33.3,28.7,15.3,48.3,0.002,4.17,rain,0.0,0.0,32.3,21.1,1011.4,59.5,9.9,"Rain, Partially cloudy"
2016-01-12,Manhattan,21258,New York City,44.1,25.2,33.3,28.7,15.3,48.3,0.002,4.17,rain,0.0,0.0,32.3,21.1,1011.4,59.5,9.9,"Rain, Partially cloudy"
2016-01-12,Queens,12968,New York City,44.1,25.2,33.3,28.7,15.3,48.3,0.002,4.17,rain,0.0,0.0,32.3,21.1,1011.4,59.5,9.9,"Rain, Partially cloudy"
2016-01-13,Bronx,19709,New York City,30.1,22.4,25.7,14.0,5.4,41.7,0.0,0.0,,0.0,0.0,35.5,19.0,1013.7,20.6,9.9,Partially cloudy
2016-01-13,Manhattan,21110,New York City,30.1,22.4,25.7,14.0,5.4,41.7,0.0,0.0,,0.0,0.0,35.5,19.0,1013.7,20.6,9.9,Partially cloudy
2016-01-13,Queens,13476,New York City,30.1,22.4,25.7,14.0,5.4,41.7,0.0,0.0,,0.0,0.0,35.5,19.0,1013.7,20.6,9.9,Partially cloudy
2016-01-14,Bronx,19888,New York City,38.2,22.5,30.5,24.3,11.9,45.7,0.0,0.0,,0.0,0.0,28.9,13.5,1014.1,93.2,9.9,Overcast
2016-01-14,Manhattan,22977,New York City,38.2,22.5,30.5,24.3,11.9,45.7,0.0,0.0,,0.0,0.0,28.9,13.5,1014.1,93.2,9.9,Overcast
2016-01-14,Queens,14484,New York City,38.2,22.5,30.5,24.3,11.9,45.7,0.0,0.0,,0.0,0.0,28.9,13.5,1014.1,93.2,9.9,Overcast
2016-01-15,Bronx,22440,New York City,50.5,34.6,42.4,39.6,31.1,64.3,0.003,4.17,rain,0.0,0.0,23.0,7.7,1010.3,52.8,9.5,"Rain, Partially cloudy"
2016-01-15,Manhattan,25223,New York City,50.5,34.6,42.4,39.6,31.1,64.3,0.003,4.17,rain,0.0,0.0,23.0,7.7,1010.3,52.8,9.5,"Rain, Partially cloudy"
2016-01-15,Queens,13950,New York City,50.5,34.6,42.4,39.6,31.1,64.3,0.003,4.17,rain,0.0,0.0,23.0,7.7,1010.3,52.8,9.5,"Rain, Partially cloudy"
2016-01-16,Bronx,20128,New York City,51.3,42.3,45.8,42.1,36.3,70.9,0.25,33.33,rain,0.0,0.0,31.1,16.4,1000.0,93.8,8.7,"Rain, Overcast"
2016-01-16,Manhattan,25615,New York City,51.3,42.3,45.8,42.1,36.3,70.9,0.25,33.33,rain,0.0,0.0,31.1,16.4,1000.0,93.8,8.7,"Rain, Overcast"
2016-01-16,Queens,12664,New York City,51.3,42.3,45.8,42.1,36.3,70.9,0.25,33.33,rain,0.0,0.0,31.1,16.4,1000.0,93.8,8.7,"Rain, Overcast"
2016-01-17,Bronx,16189,New York City,42.6,30.2,35.1,29.3,23.1,62.6,0.054,16.67,"rain,snow",0.0,0.0,21.9,9.5,1008.7,75.9,8.3,"Snow, Rain, Partially cloudy"
2016-01-17,Manhattan,22001,New York City,42.6,30.2,35.1,29.3,23.1,62.6,0.054,16.67,"rain,snow",0.0,0.0,21.9,9.5,1008.7,75.9,8.3,"Snow, Rain, Partially cloudy"
2016-01-17,Queens,11549,New York City,42.6,30.2,35.1,29.3,23.1,62.6,0.054,16.67,"rain,snow",0.0,0.0,21.9,9.5,1008.7,75.9,8.3,"Snow, Rain, Partially cloudy"
2016-01-18,Bronx,16960,New York City,31.2,19.1,25.4,13.6,7.5,47.7,0.002,4.17,snow,0.0,0.1,33.2,21.6,1009.8,31.4,9.7,"Snow, Partially cloudy"
2016-01-18,Queens,3990,New York City,31.2,19.1,25.4,13.6,7.5,47.7,0.002,4.17,snow,0.0,0.1,33.2,21.6,1009.8,31.4,9.7,"Snow, Partially cloudy"
2016-01-18,Staten Island,2599,New York City,31.2,19.1,25.4,13.6,7.5,47.7,0.002,4.17,snow,0.0,0.1,33.2,21.6,1009.8,31.4,9.7,"Snow, Partially cloudy"
2016-01-19,Bronx,20460,New York City,28.8,16.8,22.9,10.0,3.6,43.3,0.0,0.0,,0.0,0.5,33.8,23.9,1016.7,12.6,9.9,Clear
2016-01-19,Queens,4596,New York City,28.8,16.8,22.9,10.0,3.6,43.3,0.0,0.0,,0.0,0.5,33.8,23.9,1016.7,12.6,9.9,Clear
2016-01-19,Staten Island,2697,New York City,28.8,16.8,22.9,10.0,3.6,43.3,0.0,0.0,,0.0,0.5,33.8,23.9,1016.7,12.6,9.9,Clear
2016-01-20,Bronx,7006,New York City,36.7,27.6,32.1,25.1,15.2,49.7,0.0,0.0,,0.0,0.5,50.8,22.6,1020.5,45.7,9.9,Partially cloudy
2016-01-20,Queens,38141,New York City,36.7,27.6,32.1,25.1,15.2,49.7,0.0,0.0,,0.0,0.5,50.8,22.6,1020.5,45.7,9.9,Partially cloudy
2016-01-21,Bronx,6930,New York City,36.0,27.2,30.8,22.9,12.5,46.6,0.0,0.0,,0.0,0.3,26.8,13.9,1020.6,32.3,9.9,Partially cloudy
2016-01-21,Queens,41189,New York City,36.0,27.2,30.8,22.9,12.5,46.6,0.0,0.0,,0.0,0.3,26.8,13.9,1020.6,32.3,9.9,Partially cloudy
2016-01-22,Bronx,8326,New York City,29.2,21.2,26.0,18.1,5.7,41.7,0.0,0.0,"rain,snow",1.1,0.4,28.9,12.3,1023.4,47.1,9.6,Partially cloudy
2016-01-22,Staten Island,3946,New York City,29.2,21.2,26.0,18.1,5.7,41.7,0.0,0.0,"rain,snow",1.1,0.4,28.9,12.3,1023.4,47.1,9.6,Partially cloudy
2016-01-30,Brooklyn,17897,New York City,38.9,28.3,33.7,27.5,16.8,50.0,0.0,0.0,,0.0,2.2,28.9,12.6,1016.1,19.4,9.9,Clear
2016-01-31,Brooklyn,17426,New York City,54.8,36.1,44.0,40.9,28.2,54.8,0.0,0.0,,0.0,1.7,19.7,10.3,1012.7,30.4,9.9,Partially cloudy
2016-02-01,Staten Island,28091,New York City,58.7,45.8,50.5,48.9,34.5,54.5,0.007,8.33,rain,0.0,2.2,20.8,9.0,1010.3,55.4,9.8,"Rain, Partially cloudy"
2016-02-02,Staten Island,34511,New York City,49.5,38.0,43.7,41.6,25.4,48.9,0.0,0.0,,0.0,1.3,10.3,8.0,1025.0,13.2,9.9,Clear
2016-02-03,Staten Island,32850,New York City,57.5,41.8,51.0,50.0,44.9,80.0,0.706,45.83,rain,0.0,0.4,34.6,16.1,1018.1,85.0,7.6,"Rain, Partially cloudy"
2016-02-04,Staten Island,35366,New York City,57.5,44.1,52.5,51.6,40.2,65.0,0.005,8.33,rain,0.0,0.2,29.5,13.3,1015.0,99.1,9.4,"Rain, Overcast"
2016-02-05,Staten Island,31686,New York City,43.8,31.3,35.7,28.0,24.3,65.8,0.485,45.83,"rain,snow",2.0,0.3,29.8,15.8,1020.5,67.4,6.4,"Snow, Rain, Partially cloudy"
2016-02-06,Staten Island,31227,New York City,39.8,30.5,35.3,30.0,18.4,50.1,0.0,0.0,,0.0,0.1,20.0,10.8,1027.5,24.0,9.9,Partially cloudy
2016-02-07,Staten Island,25087,New York City,46.7,33.5,39.3,35.8,23.0,52.6,0.0,0.0,rain,0.1,0.1,20.8,14.2,1019.7,26.1,9.9,Partially cloudy
2016-02-08,Manhattan,52116,New York City,39.3,28.6,34.4,26.0,24.2,66.3,0.045,16.67,"rain,snow",0.2,0.7,27.7,16.8,1008.3,87.9,8.6,"Snow, Rain, Partially cloudy"
2016-02-08,Staten Island,4167,New York City,39.3,28.6,34.4,26.0,24.2,66.3,0.045,16.67,"rain,snow",0.2,0.7,27.7,16.8,1008.3,87.9,8.6,"Snow, Rain, Partially cloudy"
2016-02-09,Manhattan,52818,New York City,35.5,27.2,31.2,26.2,22.9,71.1,0.005,12.5,"rain,snow",0.1,1.0,17.2,10.3,1003.7,96.6,9.4,"Snow, Rain, Overcast"
2016-02-09,Staten Island,6720,New York City,35.5,27.2,31.2,26.2,22.9,71.1,0.005,12.5,"rain,snow",0.1,1.0,17.2,10.3,1003.7,96.6,9.4,"Snow, Rain, Overcast"
2016-02-10,Manhattan,53468,New York City,38.5,31.1,34.7,28.7,23.1,64.2,0.013,12.5,"rain,snow",0.2,0.5,24.2,18.2,1003.6,90.1,7.7,"Snow, Rain, Overcast"
2016-02-10,Queens,2302,New York City,38.5,31.1,34.7,28.7,23.1,64.2,0.013,12.5,"rain,snow",0.2,0.5,24.2,18.2,1003.6,90.1,7.7,"Snow, Rain, Overcast"
2016-02-11,Manhattan,56339,New York City,31.1,19.5,24.5,12.1,2.2,38.4,0.002,4.17,snow,0.0,0.0,36.3,22.4,1013.2,61.2,9.5,"Snow, Partially cloudy"
2016-02-11,Queens,2097,New York City,31.1,19.5,24.5,12.1,2.2,38.4,0.002,4.17,snow,0.0,0.0,36.3,22.4,1013.2,61.2,9.5,"Snow, Partially cloudy"
2016-02-12,Manhattan,63778,New York City,26.3,16.2,21.3,11.6,0.2,39.7,0.0,0.0,,0.0,0.4,26.7,15.3,1020.4,46.3,9.9,Partially cloudy
2016-02-13,Manhattan,59580,New York City,23.1,6.7,17.1,2.7,-2.6,42.8,0.0,0.0,,0.0,0.3,38.4,22.5,1018.0,41.0,9.9,Partially cloudy
2016-02-14,Manhattan,49592,New York City,15.7,0.2,8.9,-3.7,-14.6,33.8,0.0,0.0,,0.0,0.3,29.8,19.0,1031.8,9.7,9.9,Clear
2016-02-15,Manhattan,18510,New York City,33.7,14.0,22.2,15.8,9.5,60.7,0.365,41.67,"rain,snow",0.1,0.1,18.3,10.9,1029.9,83.5,6.4,"Snow, Rain, Partially cloudy"
2016-02-16,Manhattan,27374,New York City,53.5,34.8,47.3,45.0,42.3,82.9,1.023,50.0,"rain,snow",0.2,0.1,39.2,21.7,1007.5,91.8,6.2,"Snow, Rain, Overcast"
2016-02-17,Manhattan,28566,New York City,39.1,35.4,37.8,31.4,25.1,59.9,0.0,0.0,,0.0,0.3,32.4,12.2,1015.4,74.4,9.9,Partially cloudy
2016-02-18,Manhattan,28664,New York City,35.9,27.6,31.8,23.6,8.7,39.3,0.0,0.0,,0.0,0.4,26.4,13.3,1029.1,9.6,9.9,Clear
2016-02-19,Manhattan,7769,New York City,38.8,23.8,31.4,25.6,13.5,48.1,0.0,0.0,,0.0,0.2,21.9,10.3,1031.5,44.5,9.9,Partially cloudy
2016-02-19,Staten Island,3492,New York City,38.8,23.8,31.4,25.6,13.5,48.1,0.0,0.0,,0.0,0.2,21.9,10.3,1031.5,44.5,9.9,Partially cloudy
2016-02-20,Manhattan,6903,New York City,61.4,38.8,50.7,48.4,30.8,48.0,0.0,0.0,,0.0,0.0,26.4,14.5,1013.6,45.2,9.9,Partially cloudy
2016-02-20,Staten Island,3498,New York City,61.4,38.8,50.7,48.4,30.8,48.0,0.0,0.0,,0.0,0.0,26.4,14.5,1013.6,45.2,9.9,Partially cloudy
2016-02-21,Manhattan,5724,New York City,55.0,45.3,51.3,50.6,32.8,49.7,0.046,25.0,rain,0.0,0.0,24.2,11.2,1012.5,51.9,9.8,"Rain, Partially cloudy"
2016-02-21,Staten Island,2702,New York City,55.0,45.3,51.3,50.6,32.8,49.7,0.046,25.0,rain,0.0,0.0,24.2,11.2,1012.5,51.9,9.8,"Rain, Partially cloudy"
2016-02-22,Bronx,17676,New York City,52.5,38.4,44.5,41.3,26.3,50.0,0.0,0.0,,0.0,0.0,18.3,10.7,1019.5,33.1,9.9,Partially cloudy
2016-02-23,Bronx,17324,New York City,39.6,35.4,37.1,28.2,28.7,73.5,0.252,50.0,"rain,snow",0.0,0.0,33.3,21.5,1024.8,82.8,7.4,"Snow, Rain, Partially cloudy"
2016-02-24,Bronx,17902,New York City,58.3,36.0,44.8,39.9,42.4,91.3,1.115,100.0,rain,0.0,0.0,36.7,16.6,1010.1,100.0,2.7,"Rain, Overcast"
2016-02-25,Bronx,19576,New York City,60.2,38.5,49.1,45.4,39.8,70.8,0.145,16.67,rain,0.0,0.0,34.7,21.0,992.9,88.7,9.6,"Rain, Partially cloudy"
2016-02-26,Bronx,20601,New York City,38.2,28.5,33.9,24.8,11.0,39.3,0.002,4.17,rain,0.0,0.0,32.6,19.7,1010.7,42.4,9.9,"Rain, Partially cloudy"
2016-02-27,Bronx,14393,New York City,41.2,26.7,33.9,27.5,12.6,41.4,0.0,0.0,,0.0,0.0,22.4,13.7,1017.9,20.8,9.9,Partially cloudy
2016-02-28,Bronx,11728,New York City,60.5,37.8,48.4,45.6,24.3,39.7,0.0,0.0,,0.0,0.0,29.8,12.5,1012.4,21.6,9.9,Partially cloudy
2016-02-29,Brooklyn,2210,New York City,60.5,47.0,51.5,49.5,32.0,48.0,0.053,12.5,rain,0.0,0.0,29.9,14.8,1005.6,35.3,9.6,"Rain, Partially cloudy"
2016-02-29,Queens,18910,New York City,60.5,47.0,51.5,49.5,32.0,48.0,0.053,12.5,rain,0.0,0.0,29.9,14.8,1005.6,35.3,9.6,"Rain, Partially cloudy"
2016-03-01,Bronx,10941,New York City,50.3,39.7,45.5,41.4,26.5,49.0,0.0,0.0,,0.0,0.0,25.3,12.1,1016.5,43.3,9.9,Partially cloudy
2016-03-01,Brooklyn,5384,New York City,50.3,39.7,45.5,41.4,26.5,49.0,0.0,0.0,,0.0,0.0,25.3,12.1,1016.5,43.3,9.9,Partially cloudy
2016-03-02,Bronx,10474,New York City,54.3,30.3,43.4,37.7,24.4,49.7,0.145,25.0,rain,0.0,0.0,37.6,19.8,1006.3,46.9,9.4,"Rain, Partially cloudy"
2016-03-02,Brooklyn,5232,New York City,54.3,30.3,43.4,37.7,24.4,49.7,0.145,25.0,rain,0.0,0.0,37.6,19.8,1006.3,46.9,9.4,"Rain, Partially cloudy"
2016-03-03,Bronx,10534,New York City,35.6,26.3,31.2,24.1,7.7,37.4,0.0,0.0,"rain,snow",0.2,0.0,33.3,15.0,1022.9,38.1,9.9,Partially cloudy
2016-03-03,Brooklyn,2409,New York City,35.6,26.3,31.2,24.1,7.7,37.4,0.0,0.0,"rain,snow",0.2,0.0,33.3,15.0,1022.9,38.1,9.9,Partially cloudy
2016-03-03,Queens,33411,New York City,35.6,26.3,31.2,24.1,7.7,37.4,0.0,0.0,"rain,snow",0.2,0.0,33.3,15.0,1022.9,38.1,9.9,Partially cloudy
2016-03-04,Bronx,10082,New York City,39.7,30.1,33.6,26.3,22.5,65.6,0.109,37.5,"rain,snow",0.4,0.1,21.9,14.2,1018.9,73.2,6.3,"Snow, Rain, Partially cloudy"
2016-03-04,Brooklyn,2599,New York City,39.7,30.1,33.6,26.3,22.5,65.6,0.109,37.5,"rain,snow",0.4,0.1,21.9,14.2,1018.9,73.2,6.3,"Snow, Rain, Partially cloudy"
2016-03-04,Manhattan,18767,New York City,39.7,30.1,33.6,26.3,22.5,65.6,0.109,37.5,"rain,snow",0.4,0.1,21.9,14.2,1018.9,73.2,6.3,"Snow, Rain, Partially cloudy"
2016-03-04,Queens,33347,New York City,39.7,30.1,33.6,26.3,22.5,65.6,0.109,37.5,"rain,snow",0.4,0.1,21.9,14.2,1018.9,73.2,6.3,"Snow, Rain, Partially cloudy"
2016-03-05,Bronx,9587,New York City,40.0,28.7,34.3,29.6,13.8,43.7,0.0,0.0,,0.0,0.4,21.9,10.9,1021.5,39.3,9.9,Partially cloudy
2016-03-05,Brooklyn,2404,New York City,40.0,28.7,34.3,29.6,13.8,43.7,0.0,0.0,,0.0,0.4,21.9,10.9,1021.5,39.3,9.9,Partially cloudy
2016-03-05,Queens,31499,New York City,40.0,28.7,34.3,29.6,13.8,43.7,0.0,0.0,,0.0,0.4,21.9,10.9,1021.5,39.3,9.9,Partially cloudy
2016-03-06,Bronx,8518,New York City,44.6,31.9,38.1,35.3,15.0,39.2,0.0,0.0,,0.0,0.2,20.8,8.4,1024.7,46.5,9.9,Partially cloudy
2016-03-06,Brooklyn,2138,New York City,44.6,31.9,38.1,35.3,15.0,39.2,0.0,0.0,,0.0,0.2,20.8,8.4,1024.7,46.5,9.9,Partially cloudy
2016-03-06,Queens,28505,New York City,44.6,31.9,38.1,35.3,15.0,39.2,0.0,0.0,,0.0,0.2,20.8,8.4,1024.7,46.5,9.9,Partially cloudy
2016-03-07,Bronx,19560,New York City,60.5,36.0,47.8,45.4,30.2,51.8,0.0,0.0,,0.0,0.1,29.1,15.9,1020.9,20.5,9.1,Partially cloudy
2016-03-07,Queens,29781,New York City,60.5,36.0,47.8,45.4,30.2,51.8,0.0,0.0,,0.0,0.1,29.1,15.9,1020.9,20.5,9.1,Partially cloudy
2016-03-08,Brooklyn,27487,New York City,64.1,47.1,53.6,53.4,35.9,52.4,0.0,0.0,,0.0,0.0,18.3,11.0,1019.9,42.4,8.8,Partially cloudy
2016-03-08,Queens,2946,New York City,64.1,47.1,53.6,53.4,35.9,52.4,0.0,0.0,,0.0,0.0,18.3,11.0,1019.9,42.4,8.8,Partially cloudy
2016-03-09,Brooklyn,8694,New York City,75.4,43.9,60.3,59.9,39.6,51.8,0.0,0.0,,0.0,0.0,34.4,12.8,1018.3,24.0,7.4,Partially cloudy
2016-03-09,Queens,15613,New York City,75.4,43.9,60.3,59.9,39.6,51.8,0.0,0.0,,0.0,0.0,34.4,12.8,1018.3,24.0,7.4,Partially cloudy
2016-03-10,Brooklyn,2835,New York City,77.9,63.3,70.6,70.6,45.9,42.1,0.033,8.33,rain,0.0,0.0,29.8,9.2,1014.2,53.6,9.9,"Rain, Partially cloudy"
2016-03-10,Manhattan,17846,New York City,77.9,63.3,70.6,70.6,45.9,42.1,0.033,8.33,rain,0.0,0.0,29.8,9.2,1014.2,53.6,9.9,"Rain, Partially cloudy"
2016-03-10,Queens,3075,New York City,77.9,63.3,70.6,70.6,45.9,42.1,0.033,8.33,rain,0.0,0.0,29.8,9.2,1014.2,53.6,9.9,"Rain, Partially cloudy"
2016-03-11,Bronx,4862,New York City,67.9,50.3,58.6,58.6,41.4,55.5,0.05,4.17,rain,0.0,0.0,30.7,20.2,1019.3,60.3,9.8,"Rain, Partially cloudy"
2016-03-11,Brooklyn,825,New York City,67.9,50.3,58.6,58.6,41.4,55.5,0.05,4.17,rain,0.0,0.0,30.7,20.2,1019.3,60.3,9.8,"Rain, Partially cloudy"
2016-03-11,Manhattan,6003,New York City,67.9,50.3,58.6,58.6,41.4,55.5,0.05,4.17,rain,0.0,0.0,30.7,20.2,1019.3,60.3,9.8,"Rain, Partially cloudy"
2016-03-11,Queens,10831,New York City,67.9,50.3,58.6,58.6,41.4,55.5,0.05,4.17,rain,0.0,0.0,30.7,20.2,1019.3,60.3,9.8,"Rain, Partially cloudy"
2016-03-11,Staten Island,28261,New York City,67.9,50.3,58.6,58.6,41.4,55.5,0.05,4.17,rain,0.0,0.0,30.7,20.2,1019.3,60.3,9.8,"Rain, Partially cloudy"
2016-03-12,Bronx,7076,New York City,57.4,40.2,50.5,49.3,31.8,49.0,0.0,0.0,,0.0,0.0,20.7,9.7,1023.3,32.8,9.9,Partially cloudy
2016-03-12,Brooklyn,3081,New York City,57.4,40.2,50.5,49.3,31.8,49.0,0.0,0.0,,0.0,0.0,20.7,9.7,1023.3,32.8,9.9,Partially cloudy
2016-03-12,Queens,10885,New York City,57.4,40.2,50.5,49.3,31.8,49.0,0.0,0.0,,0.0,0.0,20.7,9.7,1023.3,32.8,9.9,Partially cloudy
2016-03-12,Staten Island,8240,New York City,57.4,40.2,50.5,49.3,31.8,49.0,0.0,0.0,,0.0,0.0,20.7,9.7,1023.3,32.8,9.9,Partially cloudy
2016-03-13,Bronx,5711,New York City,61.9,51.7,56.5,56.5,33.1,43.2,0.0,0.0,,0.0,0.0,14.8,9.1,1017.0,52.5,9.9,Partially cloudy
2016-03-13,Brooklyn,3639,New York City,61.9,51.7,56.5,56.5,33.1,43.2,0.0,0.0,,0.0,0.0,14.8,9.1,1017.0,52.5,9.9,Partially cloudy
2016-03-13,Queens,7983,New York City,61.9,51.7,56.5,56.5,33.1,43.2,0.0,0.0,,0.0,0.0,14.8,9.1,1017.0,52.5,9.9,Partially cloudy
2016-03-14,Bronx,5889,New York City,52.2,40.5,45.3,39.6,36.4,72.6,0.318,79.17,rain,0.0,0.0,35.7,20.9,1018.0,100.0,7.2,"Rain, Overcast"
2016-03-14,Brooklyn,3848,New York City,52.2,40.5,45.3,39.6,36.4,72.6,0.318,79.17,rain,0.0,0.0,35.7,20.9,1018.0,100.0,7.2,"Rain, Overcast"
2016-03-14,Queens,14172,New York City,52.2,40.5,45.3,39.6,36.4,72.6,0.318,79.17,rain,0.0,0.0,35.7,20.9,1018.0,100.0,7.2,"Rain, Overcast"
2016-03-15,Bronx,5850,New York City,55.8,44.1,49.5,46.5,42.6,77.8,0.0,0.0,,0.0,0.0,33.5,21.1,1009.3,83.6,8.7,Partially cloudy
2016-03-15,Brooklyn,4902,New York City,55.8,44.1,49.5,46.5,42.6,77.8,0.0,0.0,,0.0,0.0,33.5,21.1,1009.3,83.6,8.7,Partially cloudy
2016-03-15,Queens,15027,New York City,55.8,44.1,49.5,46.5,42.6,77.8,0.0,0.0,,0.0,0.0,33.5,21.1,1009.3,83.6,8.7,Partially cloudy
2016-03-16,Bronx,6270,New York City,64.0,47.9,54.0,53.9,43.5,68.6,0.023,8.33,rain,0.0,0.0,17.4,8.4,1009.8,52.5,9.6,"Rain, Partially cloudy"
2016-03-16,Brooklyn,4760,New York City,64.0,47.9,54.0,53.9,43.5,68.6,0.023,8.33,rain,0.0,0.0,17.4,8.4,1009.8,52.5,9.6,"Rain, Partially cloudy"
2016-03-16,Queens,15303,New York City,64.0,47.9,54.0,53.9,43.5,68.6,0.023,8.33,rain,0.0,0.0,17.4,8.4,1009.8,52.5,9.6,"Rain, Partially cloudy"
2016-03-17,Bronx,6292,New York City,61.8,46.0,52.6,52.0,37.8,60.0,0.01,8.33,rain,0.0,0.0,32.2,12.4,1010.0,48.1,9.7,"Rain, Partially cloudy"
2016-03-17,Brooklyn,4880,New York City,61.8,46.0,52.6,52.0,37.8,60.0,0.01,8.33,rain,0.0,0.0,32.2,12.4,1010.0,48.1,9.7,"Rain, Partially cloudy"
2016-03-17,Queens,15831,New York City,61.8,46.0,52.6,52.0,37.8,60.0,0.01,8.33,rain,0.0,0.0,32.2,12.4,1010.0,48.1,9.7,"Rain, Partially cloudy"
2016-03-18,Bronx,6883,New York City,56.9,45.4,51.5,49.7,25.8,37.3,0.002,4.17,rain,0.0,0.0,38.0,20.6,1009.7,32.1,9.9,"Rain, Partially cloudy"
2016-03-18,Brooklyn,1350,New York City,56.9,45.4,51.5,49.7,25.8,37.3,0.002,4.17,rain,0.0,0.0,38.0,20.6,1009.7,32.1,9.9,"Rain, Partially cloudy"
2016-03-18,Queens,16126,New York City,56.9,45.4,51.5,49.7,25.8,37.3,0.002,4.17,rain,0.0,0.0,38.0,20.6,1009.7,32.1,9.9,"Rain, Partially cloudy"
2016-03-18,Staten Island,23453,New York City,56.9,45.4,51.5,49.7,25.8,37.3,0.002,4.17,rain,0.0,0.0,38.0,20.6,1009.7,32.1,9.9,"Rain, Partially cloudy"
2016-03-19,Bronx,6929,New York City,46.3,36.4,42.2,38.9,15.5,35.4,0.0,0.0,,0.0,0.0,29.8,13.7,1018.3,33.3,9.9,Partially cloudy
2016-03-19,Queens,10966,New York City,46.3,36.4,42.2,38.9,15.5,35.4,0.0,0.0,,0.0,0.0,29.8,13.7,1018.3,33.3,9.9,Partially cloudy
2016-03-19,Staten Island,28785,New York City,46.3,36.4,42.2,38.9,15.5,35.4,0.0,0.0,,0.0,0.0,29.8,13.7,1018.3,33.3,9.9,Partially cloudy
2016-03-20,Bronx,5479,New York City,40.9,32.8,36.9,29.3,16.6,45.2,0.032,12.5,"rain,snow",0.0,0.0,26.4,15.7,1019.0,74.3,8.9,"Snow, Rain, Partially cloudy"
2016-03-20,Queens,7395,New York City,40.9,32.8,36.9,29.3,16.6,45.2,0.032,12.5,"rain,snow",0.0,0.0,26.4,15.7,1019.0,74.3,8.9,"Snow, Rain, Partially cloudy"
2016-03-20,Staten Island,21158,New York City,40.9,32.8,36.9,29.3,16.6,45.2,0.032,12.5,"rain,snow",0.0,0.0,26.4,15.7,1019.0,74.3,8.9,"Snow, Rain, Partially cloudy"
2016-03-21,Bronx,5785,New York City,49.3,32.6,39.9,34.0,21.8,55.1,0.097,29.17,"rain,snow",0.8,0.7,33.8,20.0,1011.0,56.8,7.9,"Snow, Rain, Partially cloudy"
2016-03-21,Queens,14148,New York City,49.3,32.6,39.9,34.0,21.8,55.1,0.097,29.17,"rain,snow",0.8,0.7,33.8,20.0,1011.0,56.8,7.9,"Snow, Rain, Partially cloudy"
2016-03-21,Staten Island,6647,New York City,49.3,32.6,39.9,34.0,21.8,55.1,0.097,29.17,"rain,snow",0.8,0.7,33.8,20.0,1011.0,56.8,7.9,"Snow, Rain, Partially cloudy"
2016-03-22,Bronx,6088,New York City,55.1,35.4,45.0,41.4,20.1,37.8,0.0,0.0,,0.0,0.0,32.4,20.1,1018.9,19.1,9.9,Clear
2016-03-22,Queens,15589,New York City,55.1,35.4,45.0,41.4,20.1,37.8,0.0,0.0,,0.0,0.0,32.4,20.1,1018.9,19.1,9.9,Clear
2016-03-22,Staten Island,4293,New York City,55.1,35.4,45.0,41.4,20.1,37.8,0.0,0.0,,0.0,0.0,32.4,20.1,1018.9,19.1,9.9,Clear
2016-03-23,Bronx,6186,New York City,71.4,48.5,58.1,56.8,31.2,38.2,0.0,0.0,,0.0,0.0,25.3,11.8,1014.3,32.9,9.9,Partially cloudy
2016-03-23,Queens,14914,New York City,71.4,48.5,58.1,56.8,31.2,38.2,0.0,0.0,,0.0,0.0,25.3,11.8,1014.3,32.9,9.9,Partially cloudy
2016-03-23,Staten Island,4130,New York City,71.4,48.5,58.1,56.8,31.2,38.2,0.0,0.0,,0.0,0.0,25.3,11.8,1014.3,32.9,9.9,Partially cloudy
2016-03-24,Bronx,6690,New York City,53.7,44.4,48.2,44.6,37.2,66.2,0.0,0.0,,0.0,0.0,26.4,15.5,1016.8,56.9,9.1,Partially cloudy
2016-03-24,Queens,15220,New York City,53.7,44.4,48.2,44.6,37.2,66.2,0.0,0.0,,0.0,0.0,26.4,15.5,1016.8,56.9,9.1,Partially cloudy
2016-03-24,Staten Island,4601,New York City,53.7,44.4,48.2,44.6,37.2,66.2,0.0,0.0,,0.0,0.0,26.4,15.5,1016.8,56.9,9.1,Partially cloudy
2016-03-25,Bronx,6910,New York City,71.9,45.6,58.7,58.1,46.8,67.4,0.058,8.33,rain,0.0,0.0,28.9,10.9,1008.1,79.3,7.9,"Rain, Partially cloudy"
2016-03-25,Queens,13486,New York City,71.9,45.6,58.7,58.1,46.8,67.4,0.058,8.33,rain,0.0,0.0,28.9,10.9,1008.1,79.3,7.9,"Rain, Partially cloudy"
2016-03-25,Staten Island,25113,New York City,71.9,45.6,58.7,58.1,46.8,67.4,0.058,8.33,rain,0.0,0.0,28.9,10.9,1008.1,79.3,7.9,"Rain, Partially cloudy"
2016-03-26,Bronx,7060,New York City,52.8,38.2,44.9,40.8,30.6,57.8,0.0,0.0,,0.0,0.0,26.4,13.4,1024.9,38.0,9.9,Partially cloudy
2016-03-26,Queens,9459,New York City,52.8,38.2,44.9,40.8,30.6,57.8,0.0,0.0,,0.0,0.0,26.4,13.4,1024.9,38.0,9.9,Partially cloudy
2016-03-26,Staten Island,29566,New York City,52.8,38.2,44.9,40.8,30.6,57.8,0.0,0.0,,0.0,0.0,26.4,13.4,1024.9,38.0,9.9,Partially cloudy
2016-03-27,Bronx,5411,New York City,52.9,43.2,45.9,43.1,35.0,66.1,0.0,0.0,,0.0,0.0,18.1,10.1,1027.2,80.1,9.9,Partially cloudy
2016-03-27,Queens,7497,New York City,52.9,43.2,45.9,43.1,35.0,66.1,0.0,0.0,,0.0,0.0,18.1,10.1,1027.2,80.1,9.9,Partially cloudy
2016-03-27,Staten Island,16216,New York City,52.9,43.2,45.9,43.1,35.0,66.1,0.0,0.0,,0.0,0.0,18.1,10.1,1027.2,80.1,9.9,Partially cloudy
2016-03-28,Bronx,6028,New York City,61.4,42.7,48.7,45.7,38.9,71.7,0.413,41.67,rain,0.0,0.0,40.5,25.7,1007.0,94.7,6.8,"Rain, Overcast"
2016-03-28,Brooklyn,4861,New York City,61.4,42.7,48.7,45.7,38.9,71.7,0.413,41.67,rain,0.0,0.0,40.5,25.7,1007.0,94.7,6.8,"Rain, Overcast"
2016-03-28,Manhattan,2171,New York City,61.4,42.7,48.7,45.7,38.9,71.7,0.413,41.67,rain,0.0,0.0,40.5,25.7,1007.0,94.7,6.8,"Rain, Overcast"
2016-03-28,Queens,4363,New York City,61.4,42.7,48.7,45.7,38.9,71.7,0.413,41.67,rain,0.0,0.0,40.5,25.7,1007.0,94.7,6.8,"Rain, Overcast"
2016-03-28,Staten Island,1897,New York City,61.4,42.7,48.7,45.7,38.9,71.7,0.413,41.67,rain,0.0,0.0,40.5,25.7,1007.0,94.7,6.8,"Rain, Overcast"
2016-03-29,Bronx,2915,New York City,52.7,43.3,47.9,42.9,19.3,34.1,0.0,0.0,,0.0,0.0,43.6,24.7,1013.3,33.5,9.9,Partially cloudy
2016-03-29,Brooklyn,7128,New York City,52.7,43.3,47.9,42.9,19.3,34.1,0.0,0.0,,0.0,0.0,43.6,24.7,1013.3,33.5,9.9,Partially cloudy
2016-03-29,Queens,3436,New York City,52.7,43.3,47.9,42.9,19.3,34.1,0.0,0.0,,0.0,0.0,43.6,24.7,1013.3,33.5,9.9,Partially cloudy
2016-03-30,Brooklyn,58753,New York City,52.8,37.0,45.3,42.7,18.6,35.3,0.0,0.0,,0.0,0.0,24.2,18.6,1025.4,14.3,9.9,Clear
2016-03-30,Queens,779,New York City,52.8,37.0,45.3,42.7,18.6,35.3,0.0,0.0,,0.0,0.0,24.2,18.6,1025.4,14.3,9.9,Clear
2016-03-31,Brooklyn,67294,New York City,71.7,48.5,60.0,59.3,42.3,52.9,0.0,0.0,,0.0,0.0,31.2,14.2,1014.5,44.6,9.9,Partially cloudy
2016-04-01,Brooklyn,67698,New York City,78.7,62.1,67.3,67.3,56.8,70.3,0.015,8.33,rain,0.0,0.0,39.1,14.5,1002.7,84.3,9.7,"Rain, Partially cloudy"
2016-04-02,Brooklyn,47073,New York City,62.5,49.3,53.9,53.8,42.4,65.8,0.143,16.67,rain,0.0,0.0,21.9,13.1,999.4,85.5,9.4,"Rain, Partially cloudy"
2016-04-03,Brooklyn,40010,New York City,50.4,34.7,39.8,32.0,17.5,43.9,0.1,20.83,rain,0.0,0.2,46.7,25.0,1005.0,59.4,9.8,"Rain, Partially cloudy"
2016-04-04,Brooklyn,42336,New York City,43.8,32.1,38.8,32.9,28.7,69.5,0.479,50.0,rain,0.0,0.1,29.9,13.7,1013.0,98.9,7.7,"Rain, Overcast"
2016-04-05,Brooklyn,51275,New York City,41.9,26.3,33.9,25.3,9.0,38.4,0.0,0.0,,0.0,0.3,31.9,17.0,1024.2,38.0,9.9,Partially cloudy
2016-04-06,Brooklyn,67185,New York City,45.9,30.2,39.2,34.8,15.9,39.5,0.0,0.0,,0.0,0.0,32.5,20.3,1024.7,27.2,9.9,Partially cloudy
2016-04-07,Brooklyn,61076,New York City,57.7,46.7,53.8,53.3,44.3,70.9,0.104,16.67,rain,0.0,0.0,33.7,13.8,1002.8,73.2,9.4,"Rain, Partially cloudy"
2016-04-08,Brooklyn,49338,New York City,52.3,43.3,46.3,41.8,27.0,47.6,0.007,4.17,rain,0.0,0.0,30.7,17.4,1002.6,59.7,9.9,"Rain, Partially cloudy"
2016-04-09,Brooklyn,39736,New York City,43.0,37.1,39.9,35.2,26.0,58.6,0.101,25.0,rain,0.0,0.0,23.7,11.6,1008.2,72.0,9.2,"Rain, Partially cloudy"
2016-04-10,Brooklyn,20554,New York City,49.2,31.4,40.6,35.1,16.6,38.4,0.0,0.0,,0.0,0.0,30.8,17.2,1024.1,24.6,9.9,Partially cloudy
2016-04-11,Brooklyn,57289,New York City,61.9,43.3,52.3,50.3,36.9,56.6,0.028,12.5,rain,0.0,0.0,26.4,14.1,1021.0,80.7,9.6,"Rain, Partially cloudy"
2016-04-12,Brooklyn,41969,New York City,57.6,45.4,53.0,51.8,38.4,61.3,0.201,25.0,rain,0.0,0.0,32.2,17.7,1017.3,54.1,9.2,"Rain, Partially cloudy"
2016-04-13,Brooklyn,48963,New York City,56.7,40.4,47.8,45.5,24.8,41.3,0.0,0.0,,0.0,0.0,20.8,12.4,1027.6,8.8,9.9,Clear
2016-04-14,Brooklyn,33800,New York City,61.2,43.5,50.3,48.6,28.4,44.9,0.0,0.0,,0.0,0.0,18.3,11.0,1027.1,20.4,9.9,Partially cloudy
2016-04-15,Bronx,2218,New York City,63.3,43.0,51.6,50.9,29.0,46.2,0.0,0.0,,0.0,0.0,16.1,11.0,1029.6,4.1,9.9,Clear
2016-04-15,Brooklyn,13112,New York City,63.3,43.0,51.6,50.9,29.0,46.2,0.0,0.0,,0.0,0.0,16.1,11.0,1029.6,4.1,9.9,Clear
2016-04-15,Queens,454,New York City,63.3,43.0,51.6,50.9,29.0,46.2,0.0,0.0,,0.0,0.0,16.1,11.0,1029.6,4.1,9.9,Clear
2016-04-16,Brooklyn,1086,New York City,65.9,44.0,53.3,52.6,26.6,41.1,0.0,0.0,,0.0,0.0,19.7,11.6,1030.1,20.8,9.9,Partially cloudy
2016-04-16,Manhattan,91,New York City,65.9,44.0,53.3,52.6,26.6,41.1,0.0,0.0,,0.0,0.0,19.7,11.6,1030.1,20.8,9.9,Partially cloudy
2016-04-16,Queens,72089,New York City,65.9,44.0,53.3,52.6,26.6,41.1,0.0,0.0,,0.0,0.0,19.7,11.6,1030.1,20.8,9.9,Partially cloudy
2016-04-17,Queens,85718,New York City,73.0,45.5,56.9,56.7,31.1,42.5,0.0,0.0,,0.0,0.0,10.3,9.4,1028.6,11.4,9.9,Clear
2016-04-18,Queens,59432,New York City,80.2,50.7,64.7,64.5,31.6,32.5,0.0,0.0,,0.0,0.0,16.1,10.8,1021.9,25.0,9.9,Partially cloudy
2016-04-18,Staten Island,2767,New York City,80.2,50.7,64.7,64.5,31.6,32.5,0.0,0.0,,0.0,0.0,16.1,10.8,1021.9,25.0,9.9,Partially cloudy
2016-04-19,Queens,45589,New York City,70.7,59.4,65.8,65.8,30.9,27.7,0.0,0.0,,0.0,0.0,28.9,19.6,1016.0,37.8,9.9,Partially cloudy
2016-04-19,Staten Island,6139,New York City,70.7,59.4,65.8,65.8,30.9,27.7,0.0,0.0,,0.0,0.0,28.9,19.6,1016.0,37.8,9.9,Partially cloudy
2016-04-20,Queens,44160,New York City,67.5,50.3,58.0,58.0,21.8,26.5,0.0,0.0,,0.0,0.0,23.0,13.2,1023.0,5.0,9.9,Clear
2016-04-20,Staten Island,6080,New York City,67.5,50.3,58.0,58.0,21.8,26.5,0.0,0.0,,0.0,0.0,23.0,13.2,1023.0,5.0,9.9,Clear
2016-04-21,Queens,46634,New York City,71.4,48.7,61.1,60.7,35.2,39.1,0.0,0.0,,0.0,0.0,26.4,16.6,1019.2,24.6,9.9,Partially cloudy
2016-04-21,Staten Island,6237,New York City,71.4,48.7,61.1,60.7,35.2,39.1,0.0,0.0,,0.0,0.0,26.4,16.6,1019.2,24.6,9.9,Partially cloudy
2016-04-22,Queens,76090,New York City,77.6,62.4,70.9,70.9,52.8,53.2,0.0,0.0,,0.0,0.0,20.8,12.8,1011.9,46.7,9.7,Partially cloudy
2016-04-22,Staten Island,2482,New York City,77.6,62.4,70.9,70.9,52.8,53.2,0.0,0.0,,0.0,0.0,20.8,12.8,1011.9,46.7,9.7,Partially cloudy
2016-04-23,Queens,73006,New York City,71.1,58.3,64.2,64.2,49.4,62.2,0.14,25.0,rain,0.0,0.0,29.8,14.7,1010.0,69.2,8.5,"Rain, Partially cloudy"
2016-04-24,Queens,67002,New York City,68.2,47.1,55.7,54.7,23.9,30.9,0.0,0.0,,0.0,0.0,24.4,12.5,1016.8,13.7,9.9,Clear
2016-04-25,Queens,77625,New York City,66.5,51.0,58.5,58.5,40.0,51.7,0.0,0.0,,0.0,0.0,14.8,9.1,1014.9,49.1,9.9,Partially cloudy
2016-04-26,Queens,78222,New York City,59.8,47.4,53.6,52.9,47.5,80.0,0.233,20.83,rain,0.0,0.0,32.2,14.1,1007.3,85.8,7.2,"Rain, Partially cloudy"
2016-04-27,Queens,80492,New York City,60.4,46.3,52.2,51.0,39.8,63.3,0.0,0.0,,0.0,0.0,18.6,10.3,1012.4,67.9,9.9,Partially cloudy
2016-04-28,Queens,81151,New York City,57.6,47.8,52.1,51.3,31.1,46.5,0.0,0.0,,0.0,0.0,19.7,11.0,1016.4,48.6,9.8,Partially cloudy
2016-04-29,Queens,76230,New York City,56.9,46.8,51.4,50.5,33.7,52.1,0.031,16.67,rain,0.0,0.0,20.1,13.2,1018.8,99.7,9.8,"Rain, Overcast"
2016-04-30,Queens,92707,New York City,63.3,46.1,53.1,52.1,36.3,54.8,0.007,4.17,rain,0.0,0.0,18.3,10.0,1022.6,64.5,9.9,"Rain, Partially cloudy"
2016-05-01,Queens,78367,New York City,50.4,44.9,48.3,45.9,40.4,75.5,0.172,45.83,rain,0.0,0.0,18.6,10.8,1021.6,91.7,7.7,"Rain, Overcast"
2016-05-02,Queens,97451,New York City,59.8,45.2,51.9,51.1,46.8,83.1,0.0,0.0,,0.0,0.0,25.1,6.2,1014.9,86.8,5.6,Partially cloudy
2016-05-03,Queens,72444,New York City,56.5,51.9,53.1,53.1,50.5,90.9,0.696,54.17,rain,0.0,0.0,25.3,11.2,1010.9,99.7,5.3,"Rain, Overcast"
2016-05-04,Queens,67541,New York City,51.9,49.3,50.6,50.1,46.0,84.3,0.017,25.0,rain,0.0,0.0,24.2,13.9,1008.2,100.0,8.0,"Rain, Overcast"
2016-05-05,Queens,69147,New York City,56.9,47.0,51.8,50.1,43.2,73.0,0.0,0.0,,0.0,0.0,24.2,13.0,1005.2,100.0,9.6,Overcast
2016-05-06,Queens,70627,New York City,53.5,48.5,50.7,49.2,46.7,86.2,0.569,58.33,rain,0.0,0.0,32.0,15.1,1006.4,100.0,7.7,"Rain, Overcast"
2016-05-07,Queens,76126,New York City,57.8,48.3,52.6,51.5,48.1,84.9,0.01,8.33,rain,0.0,0.0,18.1,9.6,1008.2,90.6,7.5,"Rain, Overcast"
2016-05-08,Queens,66938,New York City,65.3,49.5,56.7,56.7,40.4,62.0,0.1,12.5,rain,0.0,0.0,34.4,21.7,1006.4,58.7,8.3,"Rain, Partially cloudy"
2016-05-09,Queens,73907,New York City,72.2,51.8,62.7,62.7,34.5,35.9,0.0,0.0,,0.0,0.0,34.7,20.4,1015.0,40.7,9.9,Partially cloudy
2016-05-10,Queens,74317,New York City,62.2,50.6,57.0,57.0,30.0,36.4,0.0,0.0,,0.0,0.0,23.0,13.5,1022.6,39.8,9.9,Partially cloudy
2016-05-11,Queens,77738,New York City,74.0,50.9,63.6,63.6,39.8,45.2,0.0,0.0,,0.0,0.0,17.2,9.9,1020.8,37.8,9.9,Partially cloudy
2016-05-12,Queens,77513,New York City,76.3,56.7,66.1,66.1,43.1,46.7,0.0,0.0,,0.0,0.0,13.0,9.6,1018.9,31.7,9.9,Partially cloudy
2016-05-13,Queens,69427,New York City,65.6,57.8,62.2,62.2,57.8,85.7,0.269,20.83,rain,0.0,0.0,18.1,9.5,1011.2,88.9,8.1,"Rain, Partially cloudy"
2016-05-14,Queens,54152,New York City,72.8,59.0,65.4,65.4,52.7,65.6,0.0,0.0,,0.0,0.0,37.6,23.6,1006.3,68.0,9.9,Partially cloudy
2016-05-15,Queens,44978,New York City,59.2,47.2,53.2,51.7,35.7,52.0,0.0,0.0,,0.0,0.0,39.5,23.7,1008.6,67.1,9.9,Partially cloudy
2016-05-16,Queens,98345,New York City,67.8,42.3,54.7,51.9,29.1,39.7,0.0,0.0,,0.0,0.0,38.9,24.7,1017.4,27.5,9.9,Partially cloudy
2016-05-17,Queens,86708,New York City,67.1,55.7,59.3,59.3,40.5,51.3,0.0,0.0,,0.0,0.0,24.2,15.2,1021.2,86.3,9.9,Partially cloudy
2016-05-18,Queens,68903,New York City,66.4,52.8,58.5,58.5,42.1,56.6,0.0,0.0,,0.0,0.0,19.7,11.7,1019.9,86.8,9.9,Partially cloudy
2016-05-19,Queens,73386,New York City,70.9,55.3,60.7,60.7,42.6,52.2,0.0,0.0,,0.0,0.0,17.2,9.3,1019.1,75.6,9.9,Partially cloudy
2016-05-20,Queens,74488,New York City,75.1,54.8,64.7,64.7,40.1,41.9,0.0,0.0,,0.0,0.0,19.7,8.3,1022.6,18.7,9.9,Clear
2016-05-21,Queens,52512,New York City,65.5,56.2,60.7,60.7,44.4,56.5,0.05,12.5,rain,0.0,0.0,15.4,10.0,1018.5,66.1,9.7,"Rain, Partially cloudy"
2016-05-22,Queens,52856,New York City,69.4,52.7,60.9,60.9,49.3,67.6,0.076,20.83,rain,0.0,0.0,16.3,8.9,1010.2,89.3,9.7,"Rain, Partially cloudy"
2016-05-23,Staten Island,36569,New York City,75.4,55.9,64.7,64.7,51.4,63.9,0.016,12.5,rain,0.0,0.0,19.0,8.3,1012.3,38.1,9.3,"Rain, Partially cloudy"
2016-05-24,Staten Island,37259,New York City,72.9,58.4,65.0,65.0,54.2,70.1,0.189,33.33,rain,0.0,0.0,21.3,7.2,1013.0,94.7,8.5,"Rain, Overcast"
2016-05-25,Staten Island,39969,New York City,88.0,61.0,75.4,74.2,48.1,42.6,0.0,0.0,,0.0,0.0,24.2,9.4,1017.0,15.0,9.2,Clear
2016-05-26,Staten Island,38981,New York City,89.9,69.7,79.6,78.7,50.9,37.8,0.0,0.0,,0.0,0.0,22.2,9.0,1017.9,28.6,8.9,Partially cloudy
2016-05-27,Staten Island,40788,New York City,86.2,72.5,77.9,78.5,61.9,58.1,0.0,0.0,,0.0,0.0,19.6,10.3,1017.2,32.9,8.2,Partially cloudy
2016-05-28,Bronx,15586,New York City,90.9,71.5,80.7,81.9,63.7,57.0,0.0,0.0,,0.0,0.0,20.8,12.2,1018.9,29.7,8.5,Partially cloudy
2016-05-28,Queens,5342,New York City,90.9,71.5,80.7,81.9,63.7,57.0,0.0,0.0,,0.0,0.0,20.8,12.2,1018.9,29.7,8.5,Partially cloudy
2016-05-28,Staten Island,4210,New York City,90.9,71.5,80.7,81.9,63.7,57.0,0.0,0.0,,0.0,0.0,20.8,12.2,1018.9,29.7,8.5,Partially cloudy
2016-05-29,Bronx,19630,New York City,85.9,72.1,77.5,77.6,60.6,57.1,0.0,0.0,,0.0,0.0,21.9,12.0,1019.3,27.7,9.4,Partially cloudy
2016-05-30,Bronx,18807,New York City,79.8,69.0,73.6,73.6,68.2,83.9,1.614,33.33,rain,0.0,0.0,18.8,11.3,1014.9,80.0,7.5,"Rain, Partially cloudy"
2016-05-31,Bronx,21241,New York City,84.1,72.1,76.3,76.5,64.3,67.9,0.0,0.0,,0.0,0.0,18.3,9.1,1013.8,54.9,8.9,Partially cloudy
2016-06-01,Queens,15526,New York City,82.1,68.0,75.0,74.8,54.7,51.0,0.0,0.0,,0.0,0.0,19.7,11.4,1018.2,30.7,8.9,Partially cloudy
2016-06-01,Staten Island,5894,New York City,82.1,68.0,75.0,74.8,54.7,51.0,0.0,0.0,,0.0,0.0,19.7,11.4,1018.2,30.7,8.9,Partially cloudy
2016-06-02,Queens,73148,New York City,74.1,63.0,67.7,67.7,57.6,70.7,0.0,0.0,,0.0,0.0,23.0,10.0,1020.0,46.2,8.4,Partially cloudy
2016-06-02,Staten Island,2076,New York City,74.1,63.0,67.7,67.7,57.6,70.7,0.0,0.0,,0.0,0.0,23.0,10.0,1020.0,46.2,8.4,Partially cloudy
2016-06-03,Queens,107844,New York City,70.3,63.6,66.2,66.2,60.4,81.6,0.037,12.5,rain,0.0,0.0,13.2,5.9,1017.7,99.3,7.2,"Rain, Overcast"
2016-06-04,Brooklyn,1039,New York City,82.8,66.3,72.6,72.9,63.9,75.1,0.265,16.67,rain,0.0,0.0,18.3,9.9,1015.1,81.2,7.2,"Rain, Partially cloudy"
2016-06-04,Manhattan,1475,New York City,82.8,66.3,72.6,72.9,63.9,75.1,0.265,16.67,rain,0.0,0.0,18.3,9.9,1015.1,81.2,7.2,"Rain, Partially cloudy"
2016-06-04,Queens,63467,New York City,82.8,66.3,72.6,72.9,63.9,75.1,0.265,16.67,rain,0.0,0.0,18.3,9.9,1015.1,81.2,7.2,"Rain, Partially cloudy"
2016-06-05,Brooklyn,30781,New York City,71.1,65.6,67.8,67.8,63.8,87.3,0.904,37.5,rain,0.0,0.0,35.9,9.4,1008.1,87.2,6.7,"Rain, Partially cloudy"
2016-06-05,Queens,52708,New York City,71.1,65.6,67.8,67.8,63.8,87.3,0.904,37.5,rain,0.0,0.0,35.9,9.4,1008.1,87.2,6.7,"Rain, Partially cloudy"
2016-06-06,Brooklyn,29749,New York City,83.6,66.4,75.1,74.9,59.6,62.8,0.0,0.0,,0.0,0.0,26.6,12.6,1004.2,48.0,8.5,Partially cloudy
2016-06-06,Queens,59391,New York City,83.6,66.4,75.1,74.9,59.6,62.8,0.0,0.0,,0.0,0.0,26.6,12.6,1004.2,48.0,8.5,Partially cloudy
2016-06-07,Brooklyn,29409,New York City,84.4,68.3,75.9,75.7,55.8,51.3,0.025,8.33,rain,0.0,0.0,28.2,15.8,1000.1,33.2,9.1,"Rain, Partially cloudy"
2016-06-07,Queens,59829,New York City,84.4,68.3,75.9,75.7,55.8,51.3,0.025,8.33,rain,0.0,0.0,28.2,15.8,1000.1,33.2,9.1,"Rain, Partially cloudy"
2016-06-08,Brooklyn,29796,New York City,67.0,53.3,61.4,61.4,47.2,60.9,0.457,20.83,rain,0.0,0.0,32.9,16.5,1003.8,46.4,8.9,"Rain, Partially cloudy"
2016-06-08,Queens,59445,New York City,67.0,53.3,61.4,61.4,47.2,60.9,0.457,20.83,rain,0.0,0.0,32.9,16.5,1003.8,46.4,8.9,"Rain, Partially cloudy"
2016-06-09,Brooklyn,29438,New York City,72.0,54.3,63.2,63.2,38.8,42.6,0.0,0.0,,0.0,0.0,31.9,19.7,1009.8,25.6,9.6,Partially cloudy
2016-06-09,Queens,60525,New York City,72.0,54.3,63.2,63.2,38.8,42.6,0.0,0.0,,0.0,0.0,31.9,19.7,1009.8,25.6,9.6,Partially cloudy
2016-06-10,Brooklyn,28918,New York City,76.9,57.2,67.4,67.4,37.2,33.8,0.0,0.0,,0.0,0.0,26.3,14.5,1015.0,45.0,9.9,Partially cloudy
2016-06-10,Queens,63104,New York City,76.9,57.2,67.4,67.4,37.2,33.8,0.0,0.0,,0.0,0.0,26.3,14.5,1015.0,45.0,9.9,Partially cloudy
2016-06-11,Brooklyn,26395,New York City,87.5,60.5,74.8,75.6,54.5,49.5,0.022,4.17,rain,0.0,0.0,26.4,15.7,1011.8,72.1,9.6,"Rain, Partially cloudy"
2016-06-11,Queens,63454,New York City,87.5,60.5,74.8,75.6,54.5,49.5,0.022,4.17,rain,0.0,0.0,26.4,15.7,1011.8,72.1,9.6,"Rain, Partially cloudy"
2016-06-12,Brooklyn,25302,New York City,83.8,64.5,77.4,77.0,52.9,45.2,0.0,0.0,,0.0,0.0,37.3,26.3,1004.7,38.3,9.7,Partially cloudy
2016-06-12,Queens,59202,New York City,83.8,64.5,77.4,77.0,52.9,45.2,0.0,0.0,,0.0,0.0,37.3,26.3,1004.7,38.3,9.7,Partially cloudy
2016-06-13,Brooklyn,23420,New York City,73.7,57.5,65.5,65.5,46.6,51.0,0.0,0.0,,0.0,0.0,30.8,16.0,1009.8,53.8,9.9,Partially cloudy
2016-06-13,Queens,60915,New York City,73.7,57.5,65.5,65.5,46.6,51.0,0.0,0.0,,0.0,0.0,30.8,16.0,1009.8,53.8,9.9,Partially cloudy
2016-06-14,Brooklyn,27841,New York City,79.4,59.3,69.5,69.5,45.0,43.5,0.0,0.0,,0.0,0.0,23.0,14.2,1012.6,25.2,9.9,Partially cloudy
2016-06-14,Queens,63466,New York City,79.4,59.3,69.5,69.5,45.0,43.5,0.0,0.0,,0.0,0.0,23.0,14.2,1012.6,25.2,9.9,Partially cloudy
2016-06-15,Brooklyn,27853,New York City,84.3,63.0,74.3,73.9,48.5,41.7,0.0,0.0,,0.0,0.0,23.0,9.4,1013.1,26.6,9.9,Partially cloudy
2016-06-15,Queens,63852,New York City,84.3,63.0,74.3,73.9,48.5,41.7,0.0,0.0,,0.0,0.0,23.0,9.4,1013.1,26.6,9.9,Partially cloudy
2016-06-16,Brooklyn,11475,New York City,75.7,67.3,70.9,70.9,60.2,69.7,0.166,25.0,rain,0.0,0.0,14.8,6.5,1008.5,86.0,8.1,"Rain, Partially cloudy"
2016-06-16,Queens,61344,New York City,75.7,67.3,70.9,70.9,60.2,69.7,0.166,25.0,rain,0.0,0.0,14.8,6.5,1008.5,86.0,8.1,"Rain, Partially cloudy"
2016-06-16,Staten Island,10697,New York City,75.7,67.3,70.9,70.9,60.2,69.7,0.166,25.0,rain,0.0,0.0,14.8,6.5,1008.5,86.0,8.1,"Rain, Partially cloudy"
2016-06-17,Brooklyn,28070,New York City,75.3,64.9,70.0,70.0,54.0,58.6,0.0,0.0,,0.0,0.0,21.9,13.2,1013.3,36.9,9.4,Partially cloudy
2016-06-17,Queens,68532,New York City,75.3,64.9,70.0,70.0,54.0,58.6,0.0,0.0,,0.0,0.0,21.9,13.2,1013.3,36.9,9.4,Partially cloudy
2016-06-18,Brooklyn,16751,New York City,85.8,61.8,72.9,72.5,49.8,45.6,0.0,0.0,,0.0,0.0,20.8,8.8,1022.5,12.9,9.7,Clear
2016-06-18,Queens,14518,New York City,85.8,61.8,72.9,72.5,49.8,45.6,0.0,0.0,,0.0,0.0,20.8,8.8,1022.5,12.9,9.7,Clear
2016-06-18,Staten Island,19228,New York City,85.8,61.8,72.9,72.5,49.8,45.6,0.0,0.0,,0.0,0.0,20.8,8.8,1022.5,12.9,9.7,Clear
2016-06-19,Bronx,3587,New York City,85.4,68.1,73.8,73.8,55.4,53.2,0.0,0.0,,0.0,0.0,23.7,10.6,1025.2,36.0,9.5,Partially cloudy
2016-06-19,Manhattan,9187,New York City,85.4,68.1,73.8,73.8,55.4,53.2,0.0,0.0,,0.0,0.0,23.7,10.6,1025.2,36.0,9.5,Partially cloudy
2016-06-19,Queens,11940,New York City,85.4,68.1,73.8,73.8,55.4,53.2,0.0,0.0,,0.0,0.0,23.7,10.6,1025.2,36.0,9.5,Partially cloudy
2016-06-20,Bronx,16308,New York City,82.1,65.0,74.4,74.7,61.3,64.8,0.0,0.0,,0.0,0.0,20.8,9.9,1019.3,28.3,9.2,Partially cloudy
2016-06-21,Bronx,4754,New York City,87.3,72.9,80.0,79.6,55.6,44.5,0.0,0.0,,0.0,0.0,36.0,11.8,1008.9,48.4,9.6,Partially cloudy
2016-06-21,Manhattan,13313,New York City,87.3,72.9,80.0,79.6,55.6,44.5,0.0,0.0,,0.0,0.0,36.0,11.8,1008.9,48.4,9.6,Partially cloudy
2016-06-21,Queens,20248,New York City,87.3,72.9,80.0,79.6,55.6,44.5,0.0,0.0,,0.0,0.0,36.0,11.8,1008.9,48.4,9.6,Partially cloudy
2016-06-22,Bronx,16748,New York City,84.6,69.1,77.6,76.9,49.2,38.1,0.0,0.0,,0.0,0.0,28.6,15.2,1009.8,34.2,9.8,Partially cloudy
2016-06-23,Bronx,16660,New York City,80.3,69.0,74.5,74.5,57.4,55.9,0.0,0.0,,0.0,0.0,12.3,6.6,1011.1,63.1,9.2,Partially cloudy
2016-06-24,Bronx,18057,New York City,81.9,69.2,74.4,74.3,57.0,56.6,0.0,0.0,,0.0,0.0,23.0,14.5,1016.2,19.8,9.1,Clear
2016-06-25,Bronx,16391,New York City,83.6,65.1,73.1,73.0,55.4,56.1,0.0,0.0,,0.0,0.0,23.0,9.8,1021.5,11.0,9.5,Clear
2016-06-26,Bronx,13022,New York City,85.5,68.1,75.5,75.4,55.5,51.1,0.0,0.0,,0.0,0.0,21.0,14.8,1022.2,32.0,9.3,Partially cloudy
2016-06-27,Bronx,4067,New York City,83.0,67.1,74.5,74.6,59.8,61.3,0.093,8.33,rain,0.0,0.0,30.3,18.2,1017.8,41.0,8.9,"Rain, Partially cloudy"
2016-06-27,Brooklyn,1298,New York City,83.0,67.1,74.5,74.6,59.8,61.3,0.093,8.33,rain,0.0,0.0,30.3,18.2,1017.8,41.0,8.9,"Rain, Partially cloudy"
2016-06-27,Manhattan,297,New York City,83.0,67.1,74.5,74.6,59.8,61.3,0.093,8.33,rain,0.0,0.0,30.3,18.2,1017.8,41.0,8.9,"Rain, Partially cloudy"
2016-06-27,Queens,6045,New York City,83.0,67.1,74.5,74.6,59.8,61.3,0.093,8.33,rain,0.0,0.0,30.3,18.2,1017.8,41.0,8.9,"Rain, Partially cloudy"
2016-06-28,Bronx,3672,New York City,75.0,69.7,71.5,71.5,68.0,88.8,0.477,16.67,rain,0.0,0.0,19.7,10.3,1013.7,98.2,6.7,"Rain, Overcast"
2016-06-28,Brooklyn,555,New York City,75.0,69.7,71.5,71.5,68.0,88.8,0.477,16.67,rain,0.0,0.0,19.7,10.3,1013.7,98.2,6.7,"Rain, Overcast"
2016-06-28,Queens,7312,New York City,75.0,69.7,71.5,71.5,68.0,88.8,0.477,16.67,rain,0.0,0.0,19.7,10.3,1013.7,98.2,6.7,"Rain, Overcast"
2016-06-29,Bronx,4073,New York City,83.4,67.7,75.4,75.4,62.0,66.5,0.043,12.5,rain,0.0,0.0,23.6,9.2,1011.6,58.4,8.8,"Rain, Partially cloudy"
2016-06-29,Brooklyn,522,New York City,83.4,67.7,75.4,75.4,62.0,66.5,0.043,12.5,rain,0.0,0.0,23.6,9.2,1011.6,58.4,8.8,"Rain, Partially cloudy"
2016-06-29,Queens,7637,New York City,83.4,67.7,75.4,75.4,62.0,66.5,0.043,12.5,rain,0.0,0.0,23.6,9.2,1011.6,58.4,8.8,"Rain, Partially cloudy"
2016-06-30,Bronx,4242,New York City,85.0,68.5,76.4,76.1,57.1,52.6,0.0,0.0,,0.0,0.0,14.8,8.5,1015.5,18.6,9.9,Clear
2016-06-30,Brooklyn,416,New York City,85.0,68.5,76.4,76.1,57.1,52.6,0.0,0.0,,0.0,0.0,14.8,8.5,1015.5,18.6,9.9,Clear
2016-06-30,Queens,7909,New York City,85.0,68.5,76.4,76.1,57.1,52.6,0.0,0.0,,0.0,0.0,14.8,8.5,1015.5,18.6,9.9,Clear
2016-07-01,Bronx,332,New York City,78.7,68.8,74.2,74.2,65.1,73.9,0.607,20.83,rain,0.0,0.0,28.0,15.5,1014.1,57.3,8.4,"Rain, Partially cloudy"
2016-07-01,Brooklyn,55766,New York City,78.7,68.8,74.2,74.2,65.1,73.9,0.607,20.83,rain,0.0,0.0,28.0,15.5,1014.1,57.3,8.4,"Rain, Partially cloudy"
2016-07-01,Queens,1823,New York City,78.7,68.8,74.2,74.2,65.1,73.9,0.607,20.83,rain,0.0,0.0,28.0,15.5,1014.1,57.3,8.4,"Rain, Partially cloudy"
2016-07-02,Brooklyn,50000,New York City,76.3,65.3,71.7,71.7,54.3,57.5,0.0,0.0,,0.0,0.0,26.4,16.6,1014.5,38.6,9.2,Partially cloudy
2016-07-03,Brooklyn,38183,New York City,78.5,66.0,73.2,73.2,52.7,49.2,0.0,0.0,,0.0,0.0,21.9,14.6,1018.4,33.9,9.9,Partially cloudy
2016-07-04,Brooklyn,42897,New York City,83.1,66.4,74.3,74.2,59.4,61.7,0.135,12.5,rain,0.0,0.0,26.4,14.2,1017.0,45.3,8.8,"Rain, Partially cloudy"
2016-07-05,Brooklyn,22589,New York City,86.7,69.5,77.5,78.6,68.0,75.1,0.922,29.17,rain,0.0,0.0,18.3,8.2,1008.8,74.6,7.7,"Rain, Partially cloudy"
2016-07-05,Manhattan,26832,New York City,86.7,69.5,77.5,78.6,68.0,75.1,0.922,29.17,rain,0.0,0.0,18.3,8.2,1008.8,74.6,7.7,"Rain, Partially cloudy"
2016-07-06,Brooklyn,13695,New York City,91.8,76.4,84.1,85.8,66.4,56.8,0.0,0.0,,0.0,0.0,20.8,8.5,1010.4,26.0,9.3,Partially cloudy
2016-07-06,Manhattan,34927,New York City,91.8,76.4,84.1,85.8,66.4,56.8,0.0,0.0,,0.0,0.0,20.8,8.5,1010.4,26.0,9.3,Partially cloudy
2016-07-07,Brooklyn,9226,New York City,89.7,78.7,82.9,86.7,70.9,67.6,0.031,8.33,rain,0.0,0.0,33.3,19.5,1008.0,40.9,8.3,"Rain, Partially cloudy"
2016-07-07,Manhattan,35170,New York City,89.7,78.7,82.9,86.7,70.9,67.6,0.031,8.33,rain,0.0,0.0,33.3,19.5,1008.0,40.9,8.3,"Rain, Partially cloudy"
2016-07-08,Brooklyn,52947,New York City,84.4,69.2,78.3,79.7,69.5,75.1,0.059,8.33,rain,0.0,0.0,21.9,11.1,1008.7,54.0,8.1,"Rain, Partially cloudy"
2016-07-08,Manhattan,9491,New York City,84.4,69.2,78.3,79.7,69.5,75.1,0.059,8.33,rain,0.0,0.0,21.9,11.1,1008.7,54.0,8.1,"Rain, Partially cloudy"
2016-07-09,Brooklyn,56710,New York City,71.9,65.9,68.9,68.9,63.3,82.6,0.342,4.17,rain,0.0,0.0,21.0,9.1,1010.6,99.9,8.0,"Rain, Overcast"
2016-07-11,Brooklyn,16827,New York City,80.4,66.7,73.2,73.2,58.6,61.5,0.0,0.0,,0.0,0.0,18.3,9.1,1017.8,37.8,9.9,Partially cloudy
2016-07-12,Brooklyn,15748,New York City,81.6,69.4,75.3,75.5,63.0,66.3,0.0,0.0,,0.0,0.0,25.3,14.1,1019.0,31.1,9.7,Partially cloudy
2016-07-13,Brooklyn,10698,New York City,84.2,71.4,77.1,77.9,66.5,70.3,0.0,0.0,,0.0,0.0,23.0,10.5,1017.6,47.4,9.4,Partially cloudy
2016-07-13,Queens,22795,New York City,84.2,71.4,77.1,77.9,66.5,70.3,0.0,0.0,,0.0,0.0,23.0,10.5,1017.6,47.4,9.4,Partially cloudy
2016-07-14,Brooklyn,10962,New York City,88.4,75.3,80.3,83.8,73.0,79.1,0.512,4.17,rain,0.0,0.0,49.6,8.9,1012.0,64.4,8.2,"Rain, Partially cloudy"
2016-07-14,Queens,25054,New York City,88.4,75.3,80.3,83.8,73.0,79.1,0.512,4.17,rain,0.0,0.0,49.6,8.9,1012.0,64.4,8.2,"Rain, Partially cloudy"
2016-07-15,Brooklyn,28522,New York City,88.7,79.8,84.7,87.9,68.8,60.0,0.0,0.0,,0.0,0.0,23.0,10.5,1010.8,28.8,9.1,Partially cloudy
2016-07-15,Queens,23969,New York City,88.7,79.8,84.7,87.9,68.8,60.0,0.0,0.0,,0.0,0.0,23.0,10.5,1010.8,28.8,9.1,Partially cloudy
2016-07-16,Brooklyn,28908,New York City,89.2,76.5,81.4,82.2,65.1,58.6,0.091,8.33,rain,0.0,0.0,27.1,8.1,1015.7,34.6,9.2,"Rain, Partially cloudy"
2016-07-16,Queens,21957,New York City,89.2,76.5,81.4,82.2,65.1,58.6,0.091,8.33,rain,0.0,0.0,27.1,8.1,1015.7,34.6,9.2,"Rain, Partially cloudy"
2016-07-17,Brooklyn,28964,New York City,89.5,75.7,82.4,83.7,65.5,57.8,0.0,0.0,,0.0,0.0,23.0,9.4,1018.3,31.0,9.2,Partially cloudy
2016-07-17,Queens,20718,New York City,89.5,75.7,82.4,83.7,65.5,57.8,0.0,0.0,,0.0,0.0,23.0,9.4,1018.3,31.0,9.2,Partially cloudy
2016-07-18,Brooklyn,8932,New York City,92.8,74.9,82.1,83.5,66.9,61.7,0.279,12.5,rain,0.0,0.0,39.1,13.2,1017.6,41.0,8.7,"Rain, Partially cloudy"
2016-07-18,Queens,3825,New York City,92.8,74.9,82.1,83.5,66.9,61.7,0.279,12.5,rain,0.0,0.0,39.1,13.2,1017.6,41.0,8.7,"Rain, Partially cloudy"
2016-07-19,Brooklyn,6983,New York City,83.7,74.8,78.7,78.3,56.8,49.6,0.0,0.0,,0.0,0.0,26.4,15.5,1018.3,48.0,9.5,Partially cloudy
2016-07-20,Brooklyn,7237,New York City,82.9,69.6,76.4,76.2,53.7,45.8,0.0,0.0,,0.0,0.0,18.3,11.9,1021.9,42.2,9.7,Partially cloudy
2016-07-21,Brooklyn,7458,New York City,89.1,71.6,79.7,79.9,61.6,55.5,0.0,0.0,,0.0,0.0,26.4,10.4,1019.7,16.8,9.2,Clear
2016-07-22,Brooklyn,22041,New York City,94.9,74.6,84.5,87.2,67.9,59.2,0.0,0.0,,0.0,0.0,25.2,15.5,1012.6,27.4,8.4,Partially cloudy
2016-07-22,Queens,19924,New York City,94.9,74.6,84.5,87.2,67.9,59.2,0.0,0.0,,0.0,0.0,25.2,15.5,1012.6,27.4,8.4,Partially cloudy
2016-07-23,Brooklyn,22975,New York City,95.9,81.5,88.1,88.4,61.1,42.3,0.0,0.0,,0.0,0.0,28.2,21.1,1010.1,18.3,9.2,Clear
2016-07-23,Queens,27897,New York City,95.9,81.5,88.1,88.4,61.1,42.3,0.0,0.0,,0.0,0.0,28.2,21.1,1010.1,18.3,9.2,Clear
2016-07-24,Brooklyn,21434,New York City,92.5,75.8,84.0,84.4,61.4,47.5,0.0,0.0,,0.0,0.0,24.2,9.3,1014.0,21.5,9.3,Partially cloudy
2016-07-24,Queens,28429,New York City,92.5,75.8,84.0,84.4,61.4,47.5,0.0,0.0,,0.0,0.0,24.2,9.3,1014.0,21.5,9.3,Partially cloudy
2016-07-25,Bronx,1119,New York City,93.1,75.2,81.9,84.7,70.2,69.1,1.086,25.0,rain,0.0,0.0,37.8,9.2,1012.6,53.5,7.8,"Rain, Partially cloudy"
2016-07-25,Brooklyn,5766,New York City,93.1,75.2,81.9,84.7,70.2,69.1,1.086,25.0,rain,0.0,0.0,37.8,9.2,1012.6,53.5,7.8,"Rain, Partially cloudy"
2016-07-25,Queens,22156,New York City,93.1,75.2,81.9,84.7,70.2,69.1,1.086,25.0,rain,0.0,0.0,37.8,9.2,1012.6,53.5,7.8,"Rain, Partially cloudy"
2016-07-26,Bronx,1162,New York City,89.7,72.6,81.4,82.2,66.0,62.9,0.0,0.0,,0.0,0.0,25.5,16.6,1011.9,35.2,9.1,Partially cloudy
2016-07-26,Brooklyn,9283,New York City,89.7,72.6,81.4,82.2,66.0,62.9,0.0,0.0,,0.0,0.0,25.5,16.6,1011.9,35.2,9.1,Partially cloudy
2016-07-26,Queens,22794,New York City,89.7,72.6,81.4,82.2,66.0,62.9,0.0,0.0,,0.0,0.0,25.5,16.6,1011.9,35.2,9.1,Partially cloudy
2016-07-27,Bronx,1177,New York City,90.4,75.2,83.1,83.7,62.5,50.8,0.0,0.0,,0.0,0.0,18.3,7.0,1013.2,34.2,9.4,Partially cloudy
2016-07-27,Brooklyn,8874,New York City,90.4,75.2,83.1,83.7,62.5,50.8,0.0,0.0,,0.0,0.0,18.3,7.0,1013.2,34.2,9.4,Partially cloudy
2016-07-28,Bronx,1236,New York City,93.5,77.4,83.2,84.6,67.6,61.8,0.0,0.0,,0.0,0.0,23.9,10.7,1012.0,36.3,8.3,Partially cloudy
2016-07-28,Brooklyn,8860,New York City,93.5,77.4,83.2,84.6,67.6,61.8,0.0,0.0,,0.0,0.0,23.9,10.7,1012.0,36.3,8.3,Partially cloudy
2016-07-29,Bronx,256,New York City,83.6,69.9,76.6,77.3,68.8,77.9,1.042,41.67,rain,0.0,0.0,19.7,12.5,1010.9,71.7,6.8,"Rain, Partially cloudy"
2016-07-29,Brooklyn,5494,New York City,83.6,69.9,76.6,77.3,68.8,77.9,1.042,41.67,rain,0.0,0.0,19.7,12.5,1010.9,71.7,6.8,"Rain, Partially cloudy"
2016-07-30,Brooklyn,1880,New York City,82.5,74.4,77.0,77.7,70.4,80.7,0.256,33.33,rain,0.0,0.0,18.6,8.7,1015.4,63.9,6.7,"Rain, Partially cloudy"
2016-07-31,Brooklyn,1327,New York City,78.7,72.6,75.6,75.6,71.4,87.0,0.772,37.5,rain,0.0,0.0,18.3,10.8,1015.9,98.4,7.0,"Rain, Overcast"
2016-08-01,Brooklyn,7106,New York City,78.4,70.5,73.3,73.3,66.5,79.6,0.135,12.5,rain,0.0,0.0,23.0,12.6,1017.4,95.7,8.8,"Rain, Overcast"
2016-08-01,Staten Island,1916,New York City,78.4,70.5,73.3,73.3,66.5,79.6,0.135,12.5,rain,0.0,0.0,23.0,12.6,1017.4,95.7,8.8,"Rain, Overcast"
2016-08-02,Brooklyn,8580,New York City,77.1,70.7,73.1,73.1,61.6,67.6,0.0,0.0,,0.0,0.0,27.7,13.3,1018.9,67.7,9.5,Partially cloudy
2016-08-02,Staten Island,2398,New York City,77.1,70.7,73.1,73.1,61.6,67.6,0.0,0.0,,0.0,0.0,27.7,13.3,1018.9,67.7,9.5,Partially cloudy
2016-08-03,Brooklyn,8584,New York City,78.8,66.2,72.4,72.4,59.2,64.4,0.0,0.0,,0.0,0.0,19.7,12.2,1021.1,18.0,9.5,Clear
2016-08-03,Staten Island,2546,New York City,78.8,66.2,72.4,72.4,59.2,64.4,0.0,0.0,,0.0,0.0,19.7,12.2,1021.1,18.0,9.5,Clear
2016-08-04,Brooklyn,1288,New York City,80.9,67.1,73.8,73.8,60.5,64.2,0.0,0.0,,0.0,0.0,20.8,9.8,1020.4,21.5,9.4,Partially cloudy
2016-08-04,Staten Island,9303,New York City,80.9,67.1,73.8,73.8,60.5,64.2,0.0,0.0,,0.0,0.0,20.8,9.8,1020.4,21.5,9.4,Partially cloudy
2016-08-05,Brooklyn,0,New York City,82.9,69.6,75.9,76.2,61.8,62.0,0.0,0.0,,0.0,0.0,24.2,10.1,1015.6,38.6,9.4,Partially cloudy
2016-08-05,Staten Island,1699,New York City,82.9,69.6,75.9,76.2,61.8,62.0,0.0,0.0,,0.0,0.0,24.2,10.1,1015.6,38.6,9.4,Partially cloudy
2016-08-08,Bronx,3637,New York City,85.5,71.8,78.8,78.8,59.3,52.0,0.0,0.0,,0.0,0.0,15.4,7.3,1016.8,35.4,9.5,Partially cloudy
2016-08-08,Brooklyn,165,New York City,85.5,71.8,78.8,78.8,59.3,52.0,0.0,0.0,,0.0,0.0,15.4,7.3,1016.8,35.4,9.5,Partially cloudy
2016-08-08,Queens,10158,New York City,85.5,71.8,78.8,78.8,59.3,52.0,0.0,0.0,,0.0,0.0,15.4,7.3,1016.8,35.4,9.5,Partially cloudy
2016-08-09,Bronx,4778,New York City,86.7,71.6,79.0,78.9,62.0,57.8,0.0,0.0,,0.0,0.0,23.0,13.0,1021.9,25.0,9.5,Partially cloudy
2016-08-09,Queens,9810,New York City,86.7,71.6,79.0,78.9,62.0,57.8,0.0,0.0,,0.0,0.0,23.0,13.0,1021.9,25.0,9.5,Partially cloudy
2016-08-10,Bronx,3667,New York City,86.5,75.5,81.3,85.3,72.9,76.1,0.089,12.5,rain,0.0,0.0,22.6,12.0,1020.7,84.6,8.9,"Rain, Partially cloudy"
2016-08-10,Queens,8682,New York City,86.5,75.5,81.3,85.3,72.9,76.1,0.089,12.5,rain,0.0,0.0,22.6,12.0,1020.7,84.6,8.9,"Rain, Partially cloudy"
2016-08-11,Bronx,3623,New York City,91.5,80.5,85.0,91.9,73.4,68.9,0.094,4.17,rain,0.0,0.0,45.9,10.0,1017.4,56.9,8.8,"Rain, Partially cloudy"
2016-08-11,Queens,8844,New York City,91.5,80.5,85.0,91.9,73.4,68.9,0.094,4.17,rain,0.0,0.0,45.9,10.0,1017.4,56.9,8.8,"Rain, Partially cloudy"
2016-08-12,Bronx,221,New York City,94.0,73.9,83.6,88.9,73.3,73.0,0.386,25.0,rain,0.0,0.0,33.3,13.8,1012.7,49.2,8.6,"Rain, Partially cloudy"
2016-08-12,Queens,8150,New York City,94.0,73.9,83.6,88.9,73.3,73.0,0.386,25.0,rain,0.0,0.0,33.3,13.8,1012.7,49.2,8.6,"Rain, Partially cloudy"
2016-08-13,Queens,8294,New York City,95.8,81.5,88.3,98.1,75.2,66.2,0.002,4.17,rain,0.0,0.0,25.3,10.2,1011.8,26.1,8.9,"Rain, Partially cloudy"
2016-08-14,Queens,7795,New York City,94.5,80.0,87.1,93.2,71.7,61.3,0.039,4.17,rain,0.0,0.0,32.0,16.3,1013.7,39.8,9.3,"Rain, Partially cloudy"
2016-08-15,Queens,14537,New York City,91.8,77.6,83.8,86.1,69.0,63.0,0.0,0.0,,0.0,0.0,18.3,8.6,1019.9,34.8,9.4,Partially cloudy
2016-08-16,Queens,14705,New York City,88.0,78.3,83.5,89.3,73.1,71.5,0.097,8.33,rain,0.0,0.0,28.9,15.0,1019.7,56.4,8.7,"Rain, Partially cloudy"
2016-08-17,Queens,8232,New York City,85.5,77.3,81.1,82.4,66.5,62.7,0.041,8.33,rain,0.0,0.0,34.2,11.6,1015.8,46.6,9.6,"Rain, Partially cloudy"
2016-08-18,Queens,8278,New York City,84.8,73.2,79.2,80.1,65.8,64.4,0.032,8.33,rain,0.0,0.0,11.2,6.1,1015.1,79.2,9.3,"Rain, Partially cloudy"
2016-08-19,Brooklyn,4468,New York City,86.7,75.4,80.3,81.3,67.1,65.2,0.011,8.33,rain,0.0,0.0,16.1,8.2,1013.4,49.6,9.1,"Rain, Partially cloudy"
2016-08-19,Queens,1874,New York City,86.7,75.4,80.3,81.3,67.1,65.2,0.011,8.33,rain,0.0,0.0,16.1,8.2,1013.4,49.6,9.1,"Rain, Partially cloudy"
2016-08-20,Brooklyn,6386,New York City,82.7,73.9,77.9,78.7,69.3,75.3,0.324,8.33,rain,0.0,0.0,21.9,10.0,1013.2,47.8,8.6,"Rain, Partially cloudy"
2016-08-21,Brooklyn,5453,New York City,86.0,76.0,78.7,79.7,71.0,78.1,0.318,25.0,rain,0.0,0.0,26.8,13.0,1010.4,70.7,8.4,"Rain, Partially cloudy"
2016-08-22,Staten Island,25188,New York City,77.9,69.6,73.7,73.7,56.4,56.7,0.007,4.17,rain,0.0,0.0,29.8,20.1,1015.0,17.6,9.8,Rain
2016-08-23,Staten Island,25087,New York City,81.4,63.4,72.9,72.7,51.4,47.9,0.0,0.0,,0.0,0.0,19.7,6.6,1024.9,4.9,9.8,Clear
2016-08-24,Staten Island,25063,New York City,88.1,68.3,77.3,77.3,59.5,55.6,0.0,0.0,,0.0,0.0,21.8,14.8,1023.5,21.8,9.6,Partially cloudy
2016-08-25,Staten Island,25962,New York City,85.9,70.3,78.4,79.7,65.0,64.4,0.005,4.17,rain,0.0,0.0,24.2,16.8,1018.2,71.4,9.9,"Rain, Partially cloudy"
2016-08-26,Staten Island,24742,New York City,90.3,75.7,83.1,84.7,67.6,61.6,0.0,0.0,,0.0,0.0,28.9,17.4,1015.3,56.9,9.9,Partially cloudy
2016-08-27,Staten Island,20979,New York City,87.7,73.6,80.1,79.9,59.2,49.9,0.0,0.0,,0.0,0.0,16.1,10.5,1021.3,29.3,9.7,Partially cloudy
2016-08-28,Staten Island,17647,New York City,87.0,73.0,78.8,78.9,63.6,61.4,0.0,0.0,,0.0,0.0,21.9,9.4,1023.1,18.3,9.5,Clear
2016-08-29,Staten Island,24325,New York City,90.6,74.6,81.6,81.7,61.8,53.1,0.0,0.0,,0.0,0.0,23.0,10.9,1019.5,30.3,9.6,Partially cloudy
2016-08-30,Staten Island,25623,New York City,84.2,70.6,76.9,77.1,60.4,57.4,0.0,0.0,,0.0,0.0,19.7,12.2,1019.6,33.6,9.8,Partially cloudy
2016-08-31,Staten Island,25637,New York City,88.2,74.7,79.9,80.5,66.9,66.4,0.0,0.0,,0.0,0.0,16.1,10.5,1014.4,51.1,8.9,Partially cloudy
2016-09-01,Staten Island,25914,New York City,78.6,71.5,73.9,73.9,67.7,81.4,0.427,50.0,rain,0.0,0.0,24.2,9.8,1011.1,91.2,7.5,"Rain, Overcast"
2016-09-02,Staten Island,25754,New York City,80.2,66.4,73.4,73.4,54.9,53.4,0.0,0.0,,0.0,0.0,21.9,12.3,1017.6,41.6,9.9,Partially cloudy
2016-09-03,Staten Island,22414,New York City,74.6,67.7,71.1,71.1,57.9,63.8,0.0,0.0,,0.0,0.0,20.6,12.0,1021.1,50.3,9.9,Partially cloudy
2016-09-04,Staten Island,18279,New York City,79.6,64.9,71.8,71.8,54.4,55.8,0.0,0.0,,0.0,0.0,21.9,15.3,1023.0,20.9,9.9,Partially cloudy
2016-09-06,Queens,10172,New York City,79.8,71.8,76.5,76.5,60.4,58.1,0.0,0.0,,0.0,0.0,30.5,16.6,1014.5,90.1,9.7,Overcast
2016-09-07,Bronx,72851,New York City,84.2,71.0,76.5,77.1,66.2,71.7,0.003,4.17,rain,0.0,0.0,25.3,14.0,1014.8,75.7,9.4,"Rain, Partially cloudy"
2016-09-08,Brooklyn,23387,New York City,88.0,71.7,79.7,82.1,68.9,70.8,0.0,0.0,,0.0,0.0,16.8,11.3,1011.9,33.7,8.8,Partially cloudy
2016-09-09,Brooklyn,23106,New York City,90.9,78.2,85.6,89.6,69.4,59.0,0.044,8.33,rain,0.0,0.0,19.7,7.9,1012.0,61.1,9.3,"Rain, Partially cloudy"
2016-09-10,Bronx,18849,New York City,89.8,75.7,81.5,85.6,73.2,76.8,0.106,12.5,rain,0.0,0.0,23.5,12.8,1014.7,48.6,7.7,"Rain, Partially cloudy"
2016-09-11,Bronx,15405,New York City,82.5,70.9,78.8,79.0,60.2,56.1,0.0,0.0,,0.0,0.0,31.1,15.4,1014.8,52.1,9.3,Partially cloudy
2016-09-12,Bronx,18418,New York City,77.3,62.0,69.2,69.2,51.1,53.1,0.0,0.0,,0.0,0.0,19.7,9.8,1023.1,13.6,9.9,Clear
2016-09-13,Bronx,19839,New York City,81.7,64.5,72.0,72.0,58.7,63.9,0.0,0.0,,0.0,0.0,20.8,14.2,1021.9,9.5,9.8,Clear
2016-09-14,Bronx,19482,New York City,90.8,69.8,76.4,76.3,60.8,60.9,0.427,8.33,rain,0.0,0.0,30.7,11.1,1017.9,32.8,9.2,"Rain, Partially cloudy"
2016-09-15,Bronx,20471,New York City,73.3,62.0,67.7,67.7,48.2,50.8,0.0,0.0,,0.0,0.0,23.0,12.6,1023.8,32.4,9.9,Partially cloudy
2016-09-16,Bronx,22151,New York City,72.9,62.1,66.6,66.6,52.8,61.7,0.0,0.0,,0.0,0.0,18.6,7.8,1025.8,41.7,9.9,Partially cloudy
2016-09-17,Brooklyn,13535,New York City,75.9,60.3,68.7,68.7,57.8,68.9,0.001,4.17,rain,0.0,0.0,21.9,11.0,1022.7,28.9,9.8,"Rain, Partially cloudy"
2016-09-18,Brooklyn,10378,New York City,82.6,70.4,75.8,76.5,67.6,76.1,0.0,0.0,,0.0,0.0,21.7,11.3,1017.5,60.7,9.2,Partially cloudy
2016-09-19,Brooklyn,9060,New York City,76.1,70.5,72.6,72.6,69.0,88.7,0.764,41.67,rain,0.0,0.0,21.9,9.4,1016.9,83.6,7.6,"Rain, Partially cloudy"
2016-09-20,Brooklyn,11032,New York City,82.3,68.9,74.5,74.9,66.8,78.1,0.0,0.0,,0.0,0.0,13.9,7.5,1019.0,65.2,9.1,Partially cloudy
2016-09-21,Brooklyn,11075,New York City,84.1,70.1,75.8,75.5,57.0,56.3,0.0,0.0,,0.0,0.0,24.2,9.6,1020.8,34.8,9.6,Partially cloudy
2016-09-22,Brooklyn,10552,New York City,85.0,65.9,74.5,74.2,51.5,46.0,0.0,0.0,,0.0,0.0,13.0,8.3,1020.5,16.0,9.9,Clear
2016-09-23,Brooklyn,7109,New York City,86.9,64.8,75.5,75.2,57.0,55.0,0.0,0.0,,0.0,0.0,14.8,7.2,1015.8,19.1,9.6,Clear
2016-09-23,Queens,2976,New York City,86.9,64.8,75.5,75.2,57.0,55.0,0.0,0.0,,0.0,0.0,14.8,7.2,1015.8,19.1,9.6,Clear
2016-09-24,Brooklyn,6604,New York City,73.3,58.3,64.7,64.7,50.6,63.2,0.301,16.67,rain,0.0,0.0,26.4,11.1,1018.8,59.4,9.3,"Rain, Partially cloudy"
2016-09-24,Queens,2908,New York City,73.3,58.3,64.7,64.7,50.6,63.2,0.301,16.67,rain,0.0,0.0,26.4,11.1,1018.8,59.4,9.3,"Rain, Partially cloudy"
2016-09-25,Brooklyn,7812,New York City,69.5,54.5,62.1,62.1,39.2,44.4,0.0,0.0,,0.0,0.0,17.2,10.4,1021.4,5.9,9.9,Clear
2016-09-25,Queens,2460,New York City,69.5,54.5,62.1,62.1,39.2,44.4,0.0,0.0,,0.0,0.0,17.2,10.4,1021.4,5.9,9.9,Clear
2016-09-26,Brooklyn,5777,New York City,71.4,55.2,64.2,64.2,46.8,53.7,0.006,4.17,rain,0.0,0.0,26.4,10.4,1020.4,48.2,9.9,"Rain, Partially cloudy"
2016-09-26,Queens,3046,New York City,71.4,55.2,64.2,64.2,46.8,53.7,0.006,4.17,rain,0.0,0.0,26.4,10.4,1020.4,48.2,9.9,"Rain, Partially cloudy"
2016-09-27,Brooklyn,6789,New York City,74.4,64.9,68.7,68.7,59.3,73.8,0.191,29.17,rain,0.0,0.0,18.8,12.4,1013.1,55.1,8.7,"Rain, Partially cloudy"
2016-09-27,Queens,2961,New York City,74.4,64.9,68.7,68.7,59.3,73.8,0.191,29.17,rain,0.0,0.0,18.8,12.4,1013.1,55.1,8.7,"Rain, Partially cloudy"
2016-09-28,Queens,25934,New York City,68.7,58.0,64.1,64.1,57.3,79.0,0.0,0.0,,0.0,0.0,28.1,16.7,1019.3,69.8,8.3,Partially cloudy
2016-09-29,Queens,26227,New York City,64.7,57.8,61.6,61.6,53.2,74.3,0.003,4.17,rain,0.0,0.0,31.1,17.6,1026.8,99.0,9.5,"Rain, Overcast"
2016-09-30,Queens,34640,New York City,60.4,56.8,58.8,58.8,53.8,83.9,0.39,70.83,rain,0.0,0.0,36.6,19.4,1025.5,100.0,5.6,"Rain, Overcast"
2016-10-01,Queens,38270,New York City,62.4,56.4,59.3,59.3,55.2,86.1,0.002,4.17,rain,0.0,0.0,23.0,13.5,1022.3,100.0,9.1,"Rain, Overcast"
2016-10-02,Queens,32794,New York City,63.4,57.1,60.3,60.3,56.0,85.7,0.0,0.0,,0.0,0.0,16.3,8.9,1018.8,100.0,8.5,Overcast
2016-10-03,Queens,29496,New York City,71.4,61.3,65.5,65.5,57.4,76.1,0.0,0.0,,0.0,0.0,8.1,6.7,1016.5,87.5,8.0,Partially cloudy
2016-10-04,Queens,34799,New York City,68.8,60.7,64.8,64.8,54.5,69.9,0.0,0.0,,0.0,0.0,19.5,13.5,1024.4,83.5,9.7,Partially cloudy
2016-10-05,Brooklyn,61506,New York City,66.5,54.1,60.1,60.1,48.6,66.4,0.0,0.0,,0.0,0.0,18.3,10.0,1026.6,21.5,9.8,Partially cloudy
2016-10-06,Brooklyn,65316,New York City,73.4,56.3,63.0,63.0,52.6,71.5,0.0,0.0,,0.0,0.0,11.2,7.3,1025.9,5.9,9.0,Clear
2016-10-07,Brooklyn,65730,New York City,73.5,57.2,64.1,64.1,53.8,71.5,0.0,0.0,,0.0,0.0,17.2,8.0,1024.6,13.3,8.3,Clear
2016-10-08,Brooklyn,54380,New York City,68.0,58.3,63.8,63.8,59.8,87.0,0.2,25.0,rain,0.0,0.0,11.0,6.2,1018.7,68.7,7.7,"Rain, Partially cloudy"
2016-10-09,Brooklyn,35912,New York City,65.8,51.9,57.7,57.7,50.0,76.7,0.527,54.17,rain,0.0,0.0,31.8,15.2,1015.8,81.7,7.8,"Rain, Partially cloudy"
2016-10-10,Bronx,16246,New York City,63.3,47.7,54.9,53.9,33.3,45.5,0.0,0.0,,0.0,0.0,30.4,12.3,1023.1,7.9,9.9,Clear
2016-10-10,Brooklyn,32000,New York City,63.3,47.7,54.9,53.9,33.3,45.5,0.0,0.0,,0.0,0.0,30.4,12.3,1023.1,7.9,9.9,Clear
2016-10-10,Staten Island,19022,New York City,63.3,47.7,54.9,53.9,33.3,45.5,0.0,0.0,,0.0,0.0,30.4,12.3,1023.1,7.9,9.9,Clear
2016-10-11,Bronx,21645,New York City,63.0,47.1,54.3,53.7,39.9,58.5,0.0,0.0,,0.0,0.0,13.9,8.4,1030.4,12.6,9.9,Clear
2016-10-11,Brooklyn,26613,New York City,63.0,47.1,54.3,53.7,39.9,58.5,0.0,0.0,,0.0,0.0,13.9,8.4,1030.4,12.6,9.9,Clear
2016-10-11,Staten Island,20049,New York City,63.0,47.1,54.3,53.7,39.9,58.5,0.0,0.0,,0.0,0.0,13.9,8.4,1030.4,12.6,9.9,Clear
2016-10-12,Bronx,45819,New York City,65.0,53.1,59.0,59.0,49.8,72.4,0.0,0.0,,0.0,0.0,10.7,7.3,1026.7,46.6,9.8,Partially cloudy
2016-10-12,Brooklyn,19596,New York City,65.0,53.1,59.0,59.0,49.8,72.4,0.0,0.0,,0.0,0.0,10.7,7.3,1026.7,46.6,9.8,Partially cloudy
2016-10-12,Staten Island,19332,New York City,65.0,53.1,59.0,59.0,49.8,72.4,0.0,0.0,,0.0,0.0,10.7,7.3,1026.7,46.6,9.8,Partially cloudy
2016-10-13,Bronx,472,New York City,67.4,55.7,60.6,60.6,53.6,78.4,0.002,4.17,rain,0.0,0.0,34.4,18.4,1019.4,44.8,8.8,"Rain, Partially cloudy"
2016-10-13,Brooklyn,37354,New York City,67.4,55.7,60.6,60.6,53.6,78.4,0.002,4.17,rain,0.0,0.0,34.4,18.4,1019.4,44.8,8.8,"Rain, Partially cloudy"
2016-10-13,Manhattan,15801,New York City,67.4,55.7,60.6,60.6,53.6,78.4,0.002,4.17,rain,0.0,0.0,34.4,18.4,1019.4,44.8,8.8,"Rain, Partially cloudy"
2016-10-13,Staten Island,555,New York City,67.4,55.7,60.6,60.6,53.6,78.4,0.002,4.17,rain,0.0,0.0,34.4,18.4,1019.4,44.8,8.8,"Rain, Partially cloudy"
2016-10-14,Brooklyn,27928,New York City,62.1,48.1,54.5,54.0,36.6,51.9,0.0,0.0,,0.0,0.0,25.3,9.8,1026.3,7.7,9.9,Clear
2016-10-14,Manhattan,15518,New York City,62.1,48.1,54.5,54.0,36.6,51.9,0.0,0.0,,0.0,0.0,25.3,9.8,1026.3,7.7,9.9,Clear
2016-10-15,Brooklyn,21390,New York City,64.9,46.8,55.0,54.6,41.4,60.7,0.0,0.0,,0.0,0.0,16.1,10.8,1028.8,10.3,9.9,Clear
2016-10-15,Manhattan,13736,New York City,64.9,46.8,55.0,54.6,41.4,60.7,0.0,0.0,,0.0,0.0,16.1,10.8,1028.8,10.3,9.9,Clear
2016-10-16,Brooklyn,20220,New York City,70.1,53.0,61.2,61.2,51.5,71.2,0.0,0.0,,0.0,0.0,19.7,9.9,1021.2,32.7,9.5,Partially cloudy
2016-10-16,Manhattan,11559,New York City,70.1,53.0,61.2,61.2,51.5,71.2,0.0,0.0,,0.0,0.0,19.7,9.9,1021.2,32.7,9.5,Partially cloudy
2016-10-17,Brooklyn,25122,New York City,80.9,63.3,71.2,71.3,58.6,65.7,0.0,0.0,,0.0,0.0,18.3,7.7,1013.5,51.3,9.0,Partially cloudy
2016-10-17,Manhattan,14868,New York City,80.9,63.3,71.2,71.3,58.6,65.7,0.0,0.0,,0.0,0.0,18.3,7.7,1013.5,51.3,9.0,Partially cloudy
2016-10-18,Brooklyn,25331,New York City,81.2,66.5,73.4,73.6,61.6,67.2,0.0,0.0,,0.0,0.0,27.7,14.5,1012.0,16.1,8.7,Clear
2016-10-18,Manhattan,15466,New York City,81.2,66.5,73.4,73.6,61.6,67.2,0.0,0.0,,0.0,0.0,27.7,14.5,1012.0,16.1,8.7,Clear
2016-10-19,Brooklyn,25387,New York City,84.3,68.8,75.2,75.1,58.7,58.9,0.0,0.0,,0.0,0.0,18.3,11.8,1014.5,32.6,9.4,Partially cloudy
2016-10-19,Manhattan,16111,New York City,84.3,68.8,75.2,75.1,58.7,58.9,0.0,0.0,,0.0,0.0,18.3,11.8,1014.5,32.6,9.4,Partially cloudy
2016-10-20,Brooklyn,26400,New York City,70.2,62.1,66.5,66.5,56.0,69.6,0.0,0.0,,0.0,0.0,22.1,11.6,1019.0,72.6,9.0,Partially cloudy
2016-10-20,Manhattan,16174,New York City,70.2,62.1,66.5,66.5,56.0,69.6,0.0,0.0,,0.0,0.0,22.1,11.6,1019.0,72.6,9.0,Partially cloudy
2016-10-21,Brooklyn,27494,New York City,69.5,65.9,67.9,67.9,65.1,90.8,1.096,29.17,rain,0.0,0.0,18.6,6.2,1005.7,86.1,6.2,"Rain, Partially cloudy"
2016-10-21,Manhattan,15844,New York City,69.5,65.9,67.9,67.9,65.1,90.8,1.096,29.17,rain,0.0,0.0,18.6,6.2,1005.7,86.1,6.2,"Rain, Partially cloudy"
2016-10-22,Brooklyn,15549,New York City,62.1,47.7,51.1,48.0,43.1,75.0,0.373,45.83,rain,0.0,0.0,38.0,20.2,998.3,99.2,8.9,"Rain, Overcast"
2016-10-22,Manhattan,15762,New York City,62.1,47.7,51.1,48.0,43.1,75.0,0.373,45.83,rain,0.0,0.0,38.0,20.2,998.3,99.2,8.9,"Rain, Overcast"
2016-10-23,Brooklyn,15726,New York City,62.1,46.3,54.1,52.0,33.7,46.2,0.0,0.0,,0.0,0.0,34.6,18.0,1009.2,29.7,9.9,Partially cloudy
2016-10-23,Manhattan,15410,New York City,62.1,46.3,54.1,52.0,33.7,46.2,0.0,0.0,,0.0,0.0,34.6,18.0,1009.2,29.7,9.9,Partially cloudy
2016-10-24,Brooklyn,0,New York City,62.3,49.7,55.8,55.7,39.7,56.5,0.0,0.0,,0.0,0.0,31.1,14.4,1013.3,52.6,9.9,Partially cloudy
2016-10-24,Manhattan,27616,New York City,62.3,49.7,55.8,55.7,39.7,56.5,0.0,0.0,,0.0,0.0,31.1,14.4,1013.3,52.6,9.9,Partially cloudy
2016-10-24,Queens,4728,New York City,62.3,49.7,55.8,55.7,39.7,56.5,0.0,0.0,,0.0,0.0,31.1,14.4,1013.3,52.6,9.9,Partially cloudy
2016-10-25,Manhattan,29026,New York City,51.9,45.4,48.7,46.0,30.1,48.9,0.0,0.0,,0.0,0.0,33.3,20.3,1023.1,51.8,9.9,Partially cloudy
2016-10-25,Queens,6301,New York City,51.9,45.4,48.7,46.0,30.1,48.9,0.0,0.0,,0.0,0.0,33.3,20.3,1023.1,51.8,9.9,Partially cloudy
2016-10-26,Manhattan,30261,New York City,50.6,39.1,44.7,41.0,25.4,47.3,0.0,0.0,,0.0,0.0,25.0,14.3,1029.3,22.7,9.9,Partially cloudy
2016-10-26,Queens,6466,New York City,50.6,39.1,44.7,41.0,25.4,47.3,0.0,0.0,,0.0,0.0,25.0,14.3,1029.3,22.7,9.9,Partially cloudy
2016-10-27,Manhattan,28236,New York City,54.5,41.8,46.0,42.7,36.9,72.6,1.259,58.33,rain,0.0,0.0,28.0,10.0,1026.3,97.4,7.3,"Rain, Overcast"
2016-10-27,Queens,6143,New York City,54.5,41.8,46.0,42.7,36.9,72.6,1.259,58.33,rain,0.0,0.0,28.0,10.0,1026.3,97.4,7.3,"Rain, Overcast"
2016-10-28,Brooklyn,33906,New York City,54.1,43.7,46.9,42.1,36.4,68.1,0.01,4.17,rain,0.0,0.0,34.8,18.8,1019.4,63.3,9.4,"Rain, Partially cloudy"
2016-10-28,Manhattan,14597,New York City,54.1,43.7,46.9,42.1,36.4,68.1,0.01,4.17,rain,0.0,0.0,34.8,18.8,1019.4,63.3,9.4,"Rain, Partially cloudy"
2016-10-29,Brooklyn,87841,New York City,64.0,39.9,52.2,51.4,37.9,59.0,0.001,4.17,rain,0.0,0.0,23.0,14.8,1018.1,36.6,9.9,"Rain, Partially cloudy"
2016-10-29,Manhattan,13226,New York City,64.0,39.9,52.2,51.4,37.9,59.0,0.001,4.17,rain,0.0,0.0,23.0,14.8,1018.1,36.6,9.9,"Rain, Partially cloudy"
2016-10-30,Brooklyn,86154,New York City,76.0,56.7,65.0,65.0,54.8,70.6,0.574,20.83,rain,0.0,0.0,52.8,10.8,1011.5,84.3,8.8,"Rain, Partially cloudy"
2016-10-30,Manhattan,12120,New York City,76.0,56.7,65.0,65.0,54.8,70.6,0.574,20.83,rain,0.0,0.0,52.8,10.8,1011.5,84.3,8.8,"Rain, Partially cloudy"
2016-10-31,Brooklyn,99544,New York City,56.6,44.9,50.3,48.3,34.8,56.1,0.0,0.0,,0.0,0.0,24.7,14.9,1020.7,37.3,9.9,Partially cloudy
2016-10-31,Manhattan,15027,New York City,56.6,44.9,50.3,48.3,34.8,56.1,0.0,0.0,,0.0,0.0,24.7,14.9,1020.7,37.3,9.9,Partially cloudy
2016-11-01,Brooklyn,107524,New York City,58.5,40.5,50.1,49.2,39.0,66.2,0.0,0.0,,0.0,0.0,12.3,10.3,1027.1,32.9,9.9,Partially cloudy
2016-11-01,Manhattan,795,New York City,58.5,40.5,50.1,49.2,39.0,66.2,0.0,0.0,,0.0,0.0,12.3,10.3,1027.1,32.9,9.9,Partially cloudy
2016-11-02,Brooklyn,111467,New York City,70.2,54.0,61.5,61.5,50.6,67.7,0.0,0.0,,0.0,0.0,12.1,8.7,1023.0,47.6,9.6,Partially cloudy
2016-11-03,Brooklyn,114264,New York City,72.8,58.4,64.6,64.6,53.2,67.5,0.0,0.0,,0.0,0.0,29.5,13.7,1014.2,46.7,8.2,Partially cloudy
2016-11-04,Brooklyn,109710,New York City,60.3,50.7,56.0,56.0,35.6,47.8,0.0,0.0,,0.0,0.0,26.4,12.9,1019.5,27.8,9.9,Partially cloudy
2016-11-05,Brooklyn,52682,New York City,62.1,44.8,53.2,52.5,35.8,52.0,0.0,0.0,,0.0,0.0,28.9,12.4,1022.4,19.2,9.9,Clear
2016-11-05,Manhattan,69007,New York City,62.1,44.8,53.2,52.5,35.8,52.0,0.0,0.0,,0.0,0.0,28.9,12.4,1022.4,19.2,9.9,Clear
2016-11-06,Brooklyn,34455,New York City,57.7,46.1,53.6,52.8,35.5,50.8,0.0,0.0,,0.0,0.0,25.7,15.7,1023.2,27.1,9.9,Partially cloudy
2016-11-06,Manhattan,61006,New York City,57.7,46.1,53.6,52.8,35.5,50.8,0.0,0.0,,0.0,0.0,25.7,15.7,1023.2,27.1,9.9,Partially cloudy
2016-11-07,Brooklyn,22920,New York City,53.4,41.2,47.6,45.2,27.8,47.0,0.0,0.0,,0.0,0.0,24.2,12.3,1029.7,4.8,9.9,Clear
2016-11-07,Manhattan,96586,New York City,53.4,41.2,47.6,45.2,27.8,47.0,0.0,0.0,,0.0,0.0,24.2,12.3,1029.7,4.8,9.9,Clear
2016-11-08,Brooklyn,614,New York City,66.8,43.1,54.7,54.2,31.9,43.8,0.0,0.0,,0.0,0.0,12.5,7.6,1019.9,17.7,9.9,Clear
2016-11-08,Manhattan,18443,New York City,66.8,43.1,54.7,54.2,31.9,43.8,0.0,0.0,,0.0,0.0,12.5,7.6,1019.9,17.7,9.9,Clear
2016-11-09,Brooklyn,2498,New York City,58.7,50.3,55.2,55.2,43.4,66.8,0.079,41.67,rain,0.0,0.0,24.8,11.9,1011.0,81.3,8.1,"Rain, Partially cloudy"
2016-11-09,Manhattan,14883,New York City,58.7,50.3,55.2,55.2,43.4,66.8,0.079,41.67,rain,0.0,0.0,24.8,11.9,1011.0,81.3,8.1,"Rain, Partially cloudy"
2016-11-10,Brooklyn,2654,New York City,56.0,41.7,49.6,47.4,31.5,51.1,0.0,0.0,,0.0,0.0,27.1,13.4,1013.3,36.5,9.9,Partially cloudy
2016-11-10,Manhattan,15165,New York City,56.0,41.7,49.6,47.4,31.5,51.1,0.0,0.0,,0.0,0.0,27.1,13.4,1013.3,36.5,9.9,Partially cloudy
2016-11-11,Brooklyn,2238,New York City,62.2,42.9,52.3,50.6,29.8,42.3,0.0,0.0,,0.0,0.0,37.0,22.4,1009.2,15.8,9.9,Clear
2016-11-11,Manhattan,15601,New York City,62.2,42.9,52.3,50.6,29.8,42.3,0.0,0.0,,0.0,0.0,37.0,22.4,1009.2,15.8,9.9,Clear
2016-11-12,Bronx,13842,New York City,50.6,37.7,44.0,39.7,20.4,39.2,0.0,0.0,,0.0,0.0,32.2,16.9,1024.0,11.6,9.9,Clear
2016-11-12,Brooklyn,236,New York City,50.6,37.7,44.0,39.7,20.4,39.2,0.0,0.0,,0.0,0.0,32.2,16.9,1024.0,11.6,9.9,Clear
2016-11-12,Queens,4720,New York City,50.6,37.7,44.0,39.7,20.4,39.2,0.0,0.0,,0.0,0.0,32.2,16.9,1024.0,11.6,9.9,Clear
2016-11-13,Bronx,10670,New York City,61.9,41.3,50.5,48.9,23.6,36.8,0.0,0.0,,0.0,0.0,23.0,13.4,1019.3,14.2,9.9,Clear
2016-11-13,Brooklyn,390,New York City,61.9,41.3,50.5,48.9,23.6,36.8,0.0,0.0,,0.0,0.0,23.0,13.4,1019.3,14.2,9.9,Clear
2016-11-13,Queens,3841,New York City,61.9,41.3,50.5,48.9,23.6,36.8,0.0,0.0,,0.0,0.0,23.0,13.4,1019.3,14.2,9.9,Clear
2016-11-14,Bronx,15661,New York City,62.2,46.4,54.5,53.7,21.8,28.3,0.0,0.0,,0.0,0.0,19.7,9.1,1016.7,24.7,9.9,Partially cloudy
2016-11-14,Brooklyn,482,New York City,62.2,46.4,54.5,53.7,21.8,28.3,0.0,0.0,,0.0,0.0,19.7,9.1,1016.7,24.7,9.9,Partially cloudy
2016-11-14,Queens,5092,New York City,62.2,46.4,54.5,53.7,21.8,28.3,0.0,0.0,,0.0,0.0,19.7,9.1,1016.7,24.7,9.9,Partially cloudy
2016-11-15,Bronx,15100,New York City,56.0,48.0,50.4,48.0,43.4,79.1,1.919,54.17,rain,0.0,0.0,29.9,12.8,1010.2,97.5,7.2,"Rain, Overcast"
2016-11-15,Brooklyn,170,New York City,56.0,48.0,50.4,48.0,43.4,79.1,1.919,54.17,rain,0.0,0.0,29.9,12.8,1010.2,97.5,7.2,"Rain, Overcast"
2016-11-15,Queens,4778,New York City,56.0,48.0,50.4,48.0,43.4,79.1,1.919,54.17,rain,0.0,0.0,29.9,12.8,1010.2,97.5,7.2,"Rain, Overcast"
2016-11-16,Bronx,15425,New York City,62.1,45.8,53.0,51.9,37.2,57.0,0.0,0.0,,0.0,0.0,20.8,13.5,1008.3,26.6,9.8,Partially cloudy
2016-11-16,Brooklyn,609,New York City,62.1,45.8,53.0,51.9,37.2,57.0,0.0,0.0,,0.0,0.0,20.8,13.5,1008.3,26.6,9.8,Partially cloudy
2016-11-16,Queens,5460,New York City,62.1,45.8,53.0,51.9,37.2,57.0,0.0,0.0,,0.0,0.0,20.8,13.5,1008.3,26.6,9.8,Partially cloudy
2016-11-17,Bronx,16030,New York City,61.7,50.5,54.7,54.7,39.3,56.9,0.0,0.0,,0.0,0.0,25.3,13.2,1015.4,12.7,9.8,Clear
2016-11-17,Brooklyn,491,New York City,61.7,50.5,54.7,54.7,39.3,56.9,0.0,0.0,,0.0,0.0,25.3,13.2,1015.4,12.7,9.8,Clear
2016-11-17,Queens,4841,New York City,61.7,50.5,54.7,54.7,39.3,56.9,0.0,0.0,,0.0,0.0,25.3,13.2,1015.4,12.7,9.8,Clear
2016-11-18,Bronx,17339,New York City,64.8,45.1,54.1,53.4,37.8,55.8,0.0,0.0,,0.0,0.0,12.3,7.2,1018.7,4.6,9.9,Clear
2016-11-18,Brooklyn,545,New York City,64.8,45.1,54.1,53.4,37.8,55.8,0.0,0.0,,0.0,0.0,12.3,7.2,1018.7,4.6,9.9,Clear
2016-11-18,Queens,4848,New York City,64.8,45.1,54.1,53.4,37.8,55.8,0.0,0.0,,0.0,0.0,12.3,7.2,1018.7,4.6,9.9,Clear
2016-11-19,Bronx,23351,New York City,60.8,46.7,54.0,53.7,44.4,70.5,0.08,12.5,rain,0.0,0.0,25.4,15.4,1010.7,33.3,9.7,"Rain, Partially cloudy"
2016-11-20,Bronx,13719,New York City,41.8,35.9,39.5,31.3,27.6,63.6,0.444,20.83,rain,0.0,0.1,41.1,25.9,1001.1,98.4,9.0,"Rain, Overcast"
2016-11-21,Brooklyn,16966,New York City,40.9,36.8,38.8,29.9,18.4,43.3,0.0,0.0,,0.0,0.1,39.2,22.1,1005.3,89.3,9.9,Partially cloudy
2016-11-22,Brooklyn,16711,New York City,41.1,37.5,38.9,30.7,20.9,48.3,0.0,0.0,,0.0,0.0,35.9,21.7,1017.1,74.2,9.9,Partially cloudy
2016-11-23,Brooklyn,3138,New York City,45.4,35.4,40.0,34.9,22.5,50.0,0.0,0.0,,0.0,0.0,21.9,14.7,1024.7,32.9,9.9,Partially cloudy
2016-11-23,Manhattan,15471,New York City,45.4,35.4,40.0,34.9,22.5,50.0,0.0,0.0,,0.0,0.0,21.9,14.7,1024.7,32.9,9.9,Partially cloudy
2016-11-24,Brooklyn,1980,New York City,48.1,39.7,44.4,41.4,34.8,69.6,0.025,8.33,rain,0.0,0.0,12.3,8.4,1024.3,86.7,9.7,"Rain, Partially cloudy"
2016-11-24,Manhattan,10687,New York City,48.1,39.7,44.4,41.4,34.8,69.6,0.025,8.33,rain,0.0,0.0,12.3,8.4,1024.3,86.7,9.7,"Rain, Partially cloudy"
2016-11-25,Brooklyn,2304,New York City,54.2,45.6,49.5,49.0,43.1,79.0,0.019,8.33,rain,0.0,0.0,8.1,6.4,1022.9,99.4,7.6,"Rain, Overcast"
2016-11-25,Manhattan,11286,New York City,54.2,45.6,49.5,49.0,43.1,79.0,0.019,8.33,rain,0.0,0.0,8.1,6.4,1022.9,99.4,7.6,"Rain, Overcast"
2016-11-26,Brooklyn,11672,New York City,50.3,41.9,47.0,44.0,37.2,69.2,0.0,0.0,,0.0,0.0,23.7,11.6,1018.9,62.2,9.1,Partially cloudy
2016-11-26,Manhattan,12446,New York City,50.3,41.9,47.0,44.0,37.2,69.2,0.0,0.0,,0.0,0.0,23.7,11.6,1018.9,62.2,9.1,Partially cloudy
2016-11-27,Brooklyn,10711,New York City,50.3,39.9,44.2,40.2,29.5,57.2,0.0,0.0,,0.0,0.0,26.4,15.4,1019.1,33.7,9.9,Partially cloudy
2016-11-27,Manhattan,10508,New York City,50.3,39.9,44.2,40.2,29.5,57.2,0.0,0.0,,0.0,0.0,26.4,15.4,1019.1,33.7,9.9,Partially cloudy
2016-11-28,Bronx,10057,New York City,51.9,39.4,45.5,43.3,30.9,57.1,0.0,0.0,,0.0,0.0,11.9,8.1,1021.3,17.5,9.8,Clear
2016-11-28,Brooklyn,12750,New York City,51.9,39.4,45.5,43.3,30.9,57.1,0.0,0.0,,0.0,0.0,11.9,8.1,1021.3,17.5,9.8,Clear
2016-11-28,Manhattan,1112,New York City,51.9,39.4,45.5,43.3,30.9,57.1,0.0,0.0,,0.0,0.0,11.9,8.1,1021.3,17.5,9.8,Clear
2016-11-28,Queens,43,New York City,51.9,39.4,45.5,43.3,30.9,57.1,0.0,0.0,,0.0,0.0,11.9,8.1,1021.3,17.5,9.8,Clear
2016-11-29,Bronx,12749,New York City,60.4,51.0,56.5,56.5,51.7,84.5,2.173,54.17,rain,0.0,0.0,35.1,16.5,1014.8,96.1,5.9,"Rain, Overcast"
2016-11-29,Brooklyn,12992,New York City,60.4,51.0,56.5,56.5,51.7,84.5,2.173,54.17,rain,0.0,0.0,35.1,16.5,1014.8,96.1,5.9,"Rain, Overcast"
2016-11-30,Bronx,13100,New York City,58.0,50.8,54.5,54.5,51.9,90.9,0.759,50.0,rain,0.0,0.0,25.3,13.5,1010.5,69.0,5.1,"Rain, Partially cloudy"
2016-11-30,Brooklyn,13106,New York City,58.0,50.8,54.5,54.5,51.9,90.9,0.759,50.0,rain,0.0,0.0,25.3,13.5,1010.5,69.0,5.1,"Rain, Partially cloudy"
2016-12-01,Bronx,14091,New York City,53.9,43.8,50.8,49.3,38.2,64.4,0.155,20.83,rain,0.0,0.0,32.6,17.4,1003.8,63.9,8.8,"Rain, Partially cloudy"
2016-12-01,Brooklyn,12555,New York City,53.9,43.8,50.8,49.3,38.2,64.4,0.155,20.83,rain,0.0,0.0,32.6,17.4,1003.8,63.9,8.8,"Rain, Partially cloudy"
2016-12-02,Bronx,3551,New York City,50.9,40.5,45.4,40.6,27.9,50.7,0.0,0.0,,0.0,0.0,28.7,14.2,1011.9,46.5,9.9,Partially cloudy
2016-12-02,Brooklyn,17060,New York City,50.9,40.5,45.4,40.6,27.9,50.7,0.0,0.0,,0.0,0.0,28.7,14.2,1011.9,46.5,9.9,Partially cloudy
2016-12-03,Bronx,1206,New York City,47.9,41.5,44.5,38.2,27.0,50.2,0.0,0.0,,0.0,0.0,34.4,19.8,1016.6,75.4,9.9,Partially cloudy
2016-12-03,Brooklyn,12665,New York City,47.9,41.5,44.5,38.2,27.0,50.2,0.0,0.0,,0.0,0.0,34.4,19.8,1016.6,75.4,9.9,Partially cloudy
2016-12-04,Brooklyn,24480,New York City,46.5,39.4,42.5,38.1,22.9,45.8,0.0,0.0,,0.0,0.0,23.0,13.7,1022.3,51.0,9.9,Partially cloudy
2016-12-05,Brooklyn,34046,New York City,48.7,39.0,43.7,39.8,33.3,67.8,0.165,25.0,rain,0.0,0.0,23.0,16.9,1016.7,63.2,8.7,"Rain, Partially cloudy"
2016-12-06,Brooklyn,34604,New York City,46.1,39.1,42.6,38.9,31.0,64.1,0.37,25.0,rain,0.0,0.0,24.2,14.4,1017.4,57.9,9.3,"Rain, Partially cloudy"
2016-12-07,Brooklyn,34665,New York City,45.8,40.0,42.7,39.4,36.9,80.6,0.065,20.83,rain,0.0,0.0,19.9,13.5,1014.5,90.1,8.0,"Rain, Overcast"
2016-12-08,Brooklyn,37623,New York City,44.6,35.7,41.5,36.0,24.0,50.6,0.0,0.0,,0.0,0.0,29.4,19.4,1014.4,59.8,9.9,Partially cloudy
2016-12-09,Brooklyn,37939,New York City,40.5,31.2,35.2,25.5,15.7,44.9,0.0,0.0,,0.0,0.0,35.8,23.6,1020.0,34.7,9.9,Partially cloudy
2016-12-10,Brooklyn,29719,New York City,35.4,28.8,31.9,24.4,17.0,53.9,0.0,0.0,,0.0,0.0,25.3,14.2,1028.3,41.2,9.9,Partially cloudy
2016-12-11,Brooklyn,9726,New York City,34.5,28.2,31.4,26.7,18.6,60.2,0.029,8.33,"rain,snow",0.0,0.0,16.3,9.9,1031.3,68.9,9.0,"Snow, Rain, Partially cloudy"
2016-12-11,Queens,5079,New York City,34.5,28.2,31.4,26.7,18.6,60.2,0.029,8.33,"rain,snow",0.0,0.0,16.3,9.9,1031.3,68.9,9.0,"Snow, Rain, Partially cloudy"
2016-12-12,Brooklyn,11370,New York City,45.6,34.0,41.0,36.5,35.9,82.7,0.508,33.33,"rain,snow",0.0,0.2,25.8,13.5,1013.3,72.3,7.1,"Snow, Rain, Partially cloudy"
2016-12-12,Queens,577,New York City,45.6,34.0,41.0,36.5,35.9,82.7,0.508,33.33,"rain,snow",0.0,0.2,25.8,13.5,1013.3,72.3,7.1,"Snow, Rain, Partially cloudy"
2016-12-13,Brooklyn,9173,New York City,43.5,36.3,40.0,36.3,24.2,53.2,0.0,0.0,,0.0,0.2,18.3,11.0,1019.3,50.3,9.9,Partially cloudy
2016-12-14,Brooklyn,10012,New York City,42.7,34.4,38.8,33.6,20.1,48.6,0.0,0.0,,0.0,0.1,26.2,13.2,1014.8,41.7,9.6,Partially cloudy
2016-12-15,Brooklyn,10003,New York City,34.4,19.5,25.8,13.5,0.8,33.9,0.0,0.0,,0.0,0.0,41.3,22.4,1013.8,44.3,9.7,Partially cloudy
2016-12-16,Brooklyn,1514,New York City,26.9,17.4,22.1,12.6,4.3,45.9,0.0,0.0,snow,0.3,0.1,26.1,13.4,1028.3,37.6,9.9,Partially cloudy
2016-12-16,Queens,19,New York City,26.9,17.4,22.1,12.6,4.3,45.9,0.0,0.0,snow,0.3,0.1,26.1,13.4,1028.3,37.6,9.9,Partially cloudy
2016-12-19,Brooklyn,6536,New York City,31.4,24.4,27.2,18.2,7.4,43.0,0.0,0.0,,0.0,0.1,25.3,17.4,1038.0,30.7,9.9,Partially cloudy
2016-12-19,Queens,2581,New York City,31.4,24.4,27.2,18.2,7.4,43.0,0.0,0.0,,0.0,0.1,25.3,17.4,1038.0,30.7,9.9,Partially cloudy
2016-12-20,Brooklyn,8587,New York City,33.0,20.4,27.4,23.6,8.2,44.3,0.0,0.0,,0.0,0.1,19.7,10.1,1031.8,15.5,9.9,Clear
2016-12-20,Queens,1656,New York City,33.0,20.4,27.4,23.6,8.2,44.3,0.0,0.0,,0.0,0.1,19.7,10.1,1031.8,15.5,9.9,Clear
2016-12-21,Brooklyn,8643,New York City,40.5,29.9,35.6,31.8,17.8,48.2,0.0,0.0,,0.0,0.1,21.9,11.6,1021.4,37.3,9.9,Partially cloudy
2016-12-21,Queens,1694,New York City,40.5,29.9,35.6,31.8,17.8,48.2,0.0,0.0,,0.0,0.1,21.9,11.6,1021.4,37.3,9.9,Partially cloudy
2016-12-22,Brooklyn,8663,New York City,49.0,37.4,42.0,37.6,24.2,49.5,0.0,0.0,,0.0,0.1,29.2,16.3,1017.3,59.1,9.9,Partially cloudy
2016-12-22,Queens,1862,New York City,49.0,37.4,42.0,37.6,24.2,49.5,0.0,0.0,,0.0,0.1,29.2,16.3,1017.3,59.1,9.9,Partially cloudy
2016-12-23,Brooklyn,1045,New York City,46.8,38.8,42.5,37.8,24.3,48.4,0.0,0.0,,0.0,0.1,20.8,9.9,1028.1,29.6,9.9,Partially cloudy
2016-12-23,Queens,3258,New York City,46.8,38.8,42.5,37.8,24.3,48.4,0.0,0.0,,0.0,0.1,20.8,9.9,1028.1,29.6,9.9,Partially cloudy
